path,task,roi,phase,condition_or_direction,branch,fs,tmin,tmax,window,step,variance,n_folds,n_repeats,n_perm,cv_random_state,n_channels,n_items,class_counts,n_bins,estimator,scoring,source,target,n_time_points,first_time_label,last_time_label,dataset_shapes,file_bytes,mtime_utc
/hpc/group/coganlab/nanlinshi/insula/results/PhonemeSequence(roi)(bipolar)/sub-MFGl/(decode)articulator/sub-MFGl_proc-Delay_recording-1_desc-Repeat_highgamma.h5,PhonemeSequence,MFGl,Delay,Repeat,window_svm,128,0.0,0.7,,,0.95,5,30,200,42,,,,,,,,,0,,,"{""accuracy"": [5], ""accuracy_repeats"": [30, 5], ""accuracy_stable"": [], ""classes"": [4], ""confusion"": [4, 4], ""confusion_norm"": [4, 4], ""p_value"": [], ""perm_scores"": [5, 200]}",13640,2026-07-18T18:02:07.048981+00:00
/hpc/group/coganlab/nanlinshi/insula/results/PhonemeSequence(roi)(bipolar)/sub-MFGl/(decode)articulator/sub-MFGl_proc-Go_recording-1_desc-Repeat_highgamma.h5,PhonemeSequence,MFGl,Go,Repeat,window_svm,128,0.0,0.5,,,0.95,5,30,200,42,,,,,,,,,0,,,"{""accuracy"": [5], ""accuracy_repeats"": [30, 5], ""accuracy_stable"": [], ""classes"": [4], ""confusion"": [4, 4], ""confusion_norm"": [4, 4], ""p_value"": [], ""perm_scores"": [5, 200]}",13640,2026-07-18T15:40:53.005859+00:00
/hpc/group/coganlab/nanlinshi/insula/results/PhonemeSequence(roi)(bipolar)/sub-MFGl/(decode)articulator/sub-MFGl_proc-Response_recording-1_desc-Repeat_highgamma.h5,PhonemeSequence,MFGl,Response,Repeat,window_svm,128,-0.5,0.5,,,0.95,5,30,200,42,,,,,,,,,0,,,"{""accuracy"": [5], ""accuracy_repeats"": [30, 5], ""accuracy_stable"": [], ""classes"": [4], ""confusion"": [4, 4], ""confusion_norm"": [4, 4], ""p_value"": [], ""perm_scores"": [5, 200]}",13640,2026-07-18T15:43:01.689672+00:00
/hpc/group/coganlab/nanlinshi/insula/results/PhonemeSequence(roi)(bipolar)/sub-MFGl/(decode)articulator/sub-MFGl_proc-Stimulus_recording-1_desc-Repeat_highgamma.h5,PhonemeSequence,MFGl,Stimulus,Repeat,window_svm,128,0.0,0.5,,,0.95,5,30,200,42,,,,,,,,,0,,,"{""accuracy"": [5], ""accuracy_repeats"": [30, 5], ""accuracy_stable"": [], ""classes"": [4], ""confusion"": [4, 4], ""confusion_norm"": [4, 4], ""p_value"": [], ""perm_scores"": [5, 200]}",13640,2026-07-18T15:40:14.070212+00:00
/hpc/group/coganlab/nanlinshi/insula/results/PhonemeSequence(roi)(bipolar)/sub-SMCl/(decode)articulator/sub-SMCl_proc-Delay_recording-1_desc-Repeat_highgamma.h5,PhonemeSequence,SMCl,Delay,Repeat,window_svm,128,0.0,0.7,,,0.95,5,30,200,42,,,,,,,,,0,,,"{""accuracy"": [5], ""accuracy_repeats"": [30, 5], ""accuracy_stable"": [], ""classes"": [4], ""confusion"": [4, 4], ""confusion_norm"": [4, 4], ""p_value"": [], ""perm_scores"": [5, 200]}",13640,2026-07-18T17:59:14.539734+00:00
/hpc/group/coganlab/nanlinshi/insula/results/PhonemeSequence(roi)(bipolar)/sub-SMCl/(decode)articulator/sub-SMCl_proc-Go_recording-1_desc-Repeat_highgamma.h5,PhonemeSequence,SMCl,Go,Repeat,window_svm,128,0.0,0.5,,,0.95,5,30,200,42,,,,,,,,,0,,,"{""accuracy"": [5], ""accuracy_repeats"": [30, 5], ""accuracy_stable"": [], ""classes"": [4], ""confusion"": [4, 4], ""confusion_norm"": [4, 4], ""p_value"": [], ""perm_scores"": [5, 200]}",13640,2026-07-18T15:36:40.992535+00:00
/hpc/group/coganlab/nanlinshi/insula/results/PhonemeSequence(roi)(bipolar)/sub-SMCl/(decode)articulator/sub-SMCl_proc-Response_recording-1_desc-Repeat_highgamma.h5,PhonemeSequence,SMCl,Response,Repeat,window_svm,128,-0.5,0.5,,,0.95,5,30,200,42,,,,,,,,,0,,,"{""accuracy"": [5], ""accuracy_repeats"": [30, 5], ""accuracy_stable"": [], ""classes"": [4], ""confusion"": [4, 4], ""confusion_norm"": [4, 4], ""p_value"": [], ""perm_scores"": [5, 200]}",13640,2026-07-18T15:38:50.578810+00:00
/hpc/group/coganlab/nanlinshi/insula/results/PhonemeSequence(roi)(bipolar)/sub-SMCl/(decode)articulator/sub-SMCl_proc-Stimulus_recording-1_desc-Repeat_highgamma.h5,PhonemeSequence,SMCl,Stimulus,Repeat,window_svm,128,0.0,0.5,,,0.95,5,30,200,42,,,,,,,,,0,,,"{""accuracy"": [5], ""accuracy_repeats"": [30, 5], ""accuracy_stable"": [], ""classes"": [4], ""confusion"": [4, 4], ""confusion_norm"": [4, 4], ""p_value"": [], ""perm_scores"": [5, 200]}",13640,2026-07-18T15:36:58.215973+00:00
/hpc/group/coganlab/nanlinshi/insula/results/PhonemeSequence(roi)(bipolar)/sub-STGl/(decode)articulator/sub-STGl_proc-Delay_recording-1_desc-Repeat_highgamma.h5,PhonemeSequence,STGl,Delay,Repeat,window_svm,128,0.0,0.7,,,0.95,5,30,200,42,,,,,,,,,0,,,"{""accuracy"": [5], ""accuracy_repeats"": [30, 5], ""accuracy_stable"": [], ""classes"": [4], ""confusion"": [4, 4], ""confusion_norm"": [4, 4], ""p_value"": [], ""perm_scores"": [5, 200]}",13640,2026-07-18T17:53:30.862542+00:00
/hpc/group/coganlab/nanlinshi/insula/results/PhonemeSequence(roi)(bipolar)/sub-STGl/(decode)articulator/sub-STGl_proc-Go_recording-1_desc-Repeat_highgamma.h5,PhonemeSequence,STGl,Go,Repeat,window_svm,128,0.0,0.5,,,0.95,5,30,200,42,,,,,,,,,0,,,"{""accuracy"": [5], ""accuracy_repeats"": [30, 5], ""accuracy_stable"": [], ""classes"": [4], ""confusion"": [4, 4], ""confusion_norm"": [4, 4], ""p_value"": [], ""perm_scores"": [5, 200]}",13640,2026-07-18T15:33:31.972030+00:00
/hpc/group/coganlab/nanlinshi/insula/results/PhonemeSequence(roi)(bipolar)/sub-STGl/(decode)articulator/sub-STGl_proc-Response_recording-1_desc-Repeat_highgamma.h5,PhonemeSequence,STGl,Response,Repeat,window_svm,128,-0.5,0.5,,,0.95,5,30,200,42,,,,,,,,,0,,,"{""accuracy"": [5], ""accuracy_repeats"": [30, 5], ""accuracy_stable"": [], ""classes"": [4], ""confusion"": [4, 4], ""confusion_norm"": [4, 4], ""p_value"": [], ""perm_scores"": [5, 200]}",13640,2026-07-18T15:34:22.423406+00:00
/hpc/group/coganlab/nanlinshi/insula/results/PhonemeSequence(roi)(bipolar)/sub-STGl/(decode)articulator/sub-STGl_proc-Stimulus_recording-1_desc-Repeat_highgamma.h5,PhonemeSequence,STGl,Stimulus,Repeat,window_svm,128,0.0,0.5,,,0.95,5,30,200,42,,,,,,,,,0,,,"{""accuracy"": [5], ""accuracy_repeats"": [30, 5], ""accuracy_stable"": [], ""classes"": [4], ""confusion"": [4, 4], ""confusion_norm"": [4, 4], ""p_value"": [], ""perm_scores"": [5, 200]}",13640,2026-07-18T15:31:26.963666+00:00
/hpc/group/coganlab/nanlinshi/insula-functional/results/decoding/LexicalDelay/sub-MFGl/(decode)(resolved)(lda)lexicality/sub-MFGl_proc-Delay_desc-Decision_highgamma.h5,LexicalDelay,MFGl,Delay,Decision,resolved_lda,128,-0.5,1.5,0.3,0.03,,5,,5000,42,68,84,"{""Nonword"": 84, ""Word"": 84}",5,"LDA(solver=lsqr, shrinkage=auto)",roc_auc_pooled_oof,/cwork/ns458/BIDS-1.0_LexicalDecRepDelay/BIDS/derivatives/decoding(bipolar)/sub-MFGl/lexicality/sub-MFGl_task-LexicalDelay_proc-Delay_desc-Decision_highgamma.h5,,57,-0.2,1.48,"{""auc"": [57], ""baseline"": [5000, 57], ""channel"": [68], ""mask"": [57], ""p_perm"": [57], ""p_values"": [57], ""time"": [57]}",2291633,2026-09-10T03:18:23.079316+00:00
/hpc/group/coganlab/nanlinshi/insula-functional/results/decoding/LexicalDelay/sub-MFGl/(decode)(resolved)(lda)lexicality/sub-MFGl_proc-Delay_desc-Repeat_highgamma.h5,LexicalDelay,MFGl,Delay,Repeat,resolved_lda,128,-0.5,1.5,0.3,0.03,,5,,5000,42,68,84,"{""Nonword"": 84, ""Word"": 84}",5,"LDA(solver=lsqr, shrinkage=auto)",roc_auc_pooled_oof,/cwork/ns458/BIDS-1.0_LexicalDecRepDelay/BIDS/derivatives/decoding(bipolar)/sub-MFGl/lexicality/sub-MFGl_task-LexicalDelay_proc-Delay_desc-Repeat_highgamma.h5,,57,-0.2,1.48,"{""auc"": [57], ""baseline"": [5000, 57], ""channel"": [68], ""mask"": [57], ""p_perm"": [57], ""p_values"": [57], ""time"": [57]}",2291633,2026-09-10T03:06:33.214005+00:00
/hpc/group/coganlab/nanlinshi/insula-functional/results/decoding/LexicalDelay/sub-MFGl/(decode)(resolved)(lda)lexicality/sub-MFGl_proc-Response_desc-Decision_highgamma.h5,LexicalDelay,MFGl,Response,Decision,resolved_lda,128,-0.5,1.5,0.3,0.03,,5,,5000,42,58,84,"{""Nonword"": 84, ""Word"": 84}",5,"LDA(solver=lsqr, shrinkage=auto)",roc_auc_pooled_oof,/cwork/ns458/BIDS-1.0_LexicalDecRepDelay/BIDS/derivatives/decoding(bipolar)/sub-MFGl/lexicality/sub-MFGl_task-LexicalDelay_proc-Response_desc-Decision_highgamma.h5,,57,-0.2,1.48,"{""auc"": [57], ""baseline"": [5000, 57], ""channel"": [58], ""mask"": [57], ""p_perm"": [57], ""p_values"": [57], ""time"": [57]}",2291473,2026-09-10T02:52:05.621313+00:00
/hpc/group/coganlab/nanlinshi/insula-functional/results/decoding/LexicalDelay/sub-MFGl/(decode)(resolved)(lda)lexicality/sub-MFGl_proc-Response_desc-Repeat_highgamma.h5,LexicalDelay,MFGl,Response,Repeat,resolved_lda,128,-0.5,1.5,0.3,0.03,,5,,5000,42,58,84,"{""Nonword"": 84, ""Word"": 84}",5,"LDA(solver=lsqr, shrinkage=auto)",roc_auc_pooled_oof,/cwork/ns458/BIDS-1.0_LexicalDecRepDelay/BIDS/derivatives/decoding(bipolar)/sub-MFGl/lexicality/sub-MFGl_task-LexicalDelay_proc-Response_desc-Repeat_highgamma.h5,,57,-0.2,1.48,"{""auc"": [57], ""baseline"": [5000, 57], ""channel"": [58], ""mask"": [57], ""p_perm"": [57], ""p_values"": [57], ""time"": [57]}",2291473,2026-09-10T02:49:27.126061+00:00
/hpc/group/coganlab/nanlinshi/insula-functional/results/decoding/LexicalDelay/sub-MFGl/(decode)(resolved)(lda)lexicality/sub-MFGl_proc-Stimulus_desc-Decision_highgamma.h5,LexicalDelay,MFGl,Stimulus,Decision,resolved_lda,128,-0.5,1.5,0.3,0.03,,5,,5000,42,58,84,"{""Nonword"": 84, ""Word"": 84}",5,"LDA(solver=lsqr, shrinkage=auto)",roc_auc_pooled_oof,/cwork/ns458/BIDS-1.0_LexicalDecRepDelay/BIDS/derivatives/decoding(bipolar)/sub-MFGl/lexicality/sub-MFGl_task-LexicalDelay_proc-Stimulus_desc-Decision_highgamma.h5,,57,-0.2,1.48,"{""auc"": [57], ""baseline"": [5000, 57], ""channel"": [58], ""mask"": [57], ""p_perm"": [57], ""p_values"": [57], ""time"": [57]}",2291473,2026-09-10T02:49:37.659577+00:00
/hpc/group/coganlab/nanlinshi/insula-functional/results/decoding/LexicalDelay/sub-MFGl/(decode)(resolved)(lda)lexicality/sub-MFGl_proc-Stimulus_desc-Repeat_highgamma.h5,LexicalDelay,MFGl,Stimulus,Repeat,resolved_lda,128,-0.5,1.5,0.3,0.03,,5,,5000,42,58,84,"{""Nonword"": 84, ""Word"": 84}",5,"LDA(solver=lsqr, shrinkage=auto)",roc_auc_pooled_oof,/cwork/ns458/BIDS-1.0_LexicalDecRepDelay/BIDS/derivatives/decoding(bipolar)/sub-MFGl/lexicality/sub-MFGl_task-LexicalDelay_proc-Stimulus_desc-Repeat_highgamma.h5,,57,-0.2,1.48,"{""auc"": [57], ""baseline"": [5000, 57], ""channel"": [58], ""mask"": [57], ""p_perm"": [57], ""p_values"": [57], ""time"": [57]}",2291473,2026-09-10T02:45:46.986055+00:00
/hpc/group/coganlab/nanlinshi/insula-functional/results/decoding/LexicalDelay/sub-Motor/(cross)(resolved)(lda)lexicality/sub-Motor_proc-Delay_desc-Decision2Repeat_highgamma.h5,LexicalDelay,Motor,Delay,Decision2Repeat,cross_lda,128,-0.5,1.5,0.3,0.03,,5,,5000,42,20,84,"{""Nonword"": 84, ""Word"": 84}",5,"LDA(solver=lsqr, shrinkage=auto)",roc_auc_pooled_oof,/cwork/ns458/BIDS-1.0_LexicalDecRepDelay/BIDS/derivatives/decoding(bipolar)/sub-Motor/lexicality/sub-Motor_task-LexicalDelay_proc-Delay_desc-Decision_highgamma.h5,/cwork/ns458/BIDS-1.0_LexicalDecRepDelay/BIDS/derivatives/decoding(bipolar)/sub-Motor/lexicality/sub-Motor_task-LexicalDelay_proc-Delay_desc-Repeat_highgamma.h5,57,-0.2,1.48,"{""auc"": [57, 57], ""baseline"": [5000, 57, 57], ""channel"": [20], ""mask"": [57, 57], ""p_perm"": [57, 57], ""p_values"": [57, 57], ""test_time"": [57], ""train_time"": [57], ""trial"": [168]}",130060297,2026-09-10T20:41:37.661604+00:00
/hpc/group/coganlab/nanlinshi/insula-functional/results/decoding/LexicalDelay/sub-Motor/(cross)(resolved)(lda)lexicality/sub-Motor_proc-Delay_desc-Repeat2Decision_highgamma.h5,LexicalDelay,Motor,Delay,Repeat2Decision,cross_lda,128,-0.5,1.5,0.3,0.03,,5,,5000,42,20,84,"{""Nonword"": 84, ""Word"": 84}",5,"LDA(solver=lsqr, shrinkage=auto)",roc_auc_pooled_oof,/cwork/ns458/BIDS-1.0_LexicalDecRepDelay/BIDS/derivatives/decoding(bipolar)/sub-Motor/lexicality/sub-Motor_task-LexicalDelay_proc-Delay_desc-Repeat_highgamma.h5,/cwork/ns458/BIDS-1.0_LexicalDecRepDelay/BIDS/derivatives/decoding(bipolar)/sub-Motor/lexicality/sub-Motor_task-LexicalDelay_proc-Delay_desc-Decision_highgamma.h5,57,-0.2,1.48,"{""auc"": [57, 57], ""baseline"": [5000, 57, 57], ""channel"": [20], ""mask"": [57, 57], ""p_perm"": [57, 57], ""p_values"": [57, 57], ""test_time"": [57], ""train_time"": [57], ""trial"": [168]}",130060297,2026-09-10T20:31:34.169234+00:00
/hpc/group/coganlab/nanlinshi/insula-functional/results/decoding/LexicalDelay/sub-Motor/(decode)(resolved)(lda)lexicality/sub-Motor_proc-Delay_desc-Decision_highgamma.h5,LexicalDelay,Motor,Delay,Decision,resolved_lda,128,-0.5,1.5,0.3,0.03,,5,,5000,42,20,84,,5,"LDA(solver=lsqr, shrinkage=auto)",roc_auc_pooled_oof,/cwork/ns458/BIDS-1.0_LexicalDecRepDelay/BIDS/derivatives/decoding(bipolar)/sub-Motor/lexicality/sub-Motor_task-LexicalDelay_proc-Delay_desc-Decision_highgamma.h5,,57,-0.2,1.48,"{""auc"": [57], ""baseline"": [5000, 57], ""channel"": [20], ""mask"": [57], ""p_perm"": [57], ""p_values"": [57], ""time"": [57]}",2290649,2026-08-26T20:06:03.254228+00:00
/hpc/group/coganlab/nanlinshi/insula-functional/results/decoding/LexicalDelay/sub-Motor/(decode)(resolved)(lda)lexicality/sub-Motor_proc-Delay_desc-Repeat_highgamma.h5,LexicalDelay,Motor,Delay,Repeat,resolved_lda,128,-0.5,1.5,0.3,0.03,,5,,5000,42,20,84,,5,"LDA(solver=lsqr, shrinkage=auto)",roc_auc_pooled_oof,/cwork/ns458/BIDS-1.0_LexicalDecRepDelay/BIDS/derivatives/decoding(bipolar)/sub-Motor/lexicality/sub-Motor_task-LexicalDelay_proc-Delay_desc-Repeat_highgamma.h5,,57,-0.2,1.48,"{""auc"": [57], ""baseline"": [5000, 57], ""channel"": [20], ""mask"": [57], ""p_perm"": [57], ""p_values"": [57], ""time"": [57]}",2290649,2026-08-26T20:07:44.018670+00:00
/hpc/group/coganlab/nanlinshi/insula-functional/results/decoding/LexicalDelay/sub-Motor/(decode)(resolved)(lda)lexicality/sub-Motor_proc-Response_desc-Decision_highgamma.h5,LexicalDelay,Motor,Response,Decision,resolved_lda,128,-0.5,1.5,0.3,0.03,,5,,5000,42,26,84,"{""Nonword"": 84, ""Word"": 84}",5,"LDA(solver=lsqr, shrinkage=auto)",roc_auc_pooled_oof,/cwork/ns458/BIDS-1.0_LexicalDecRepDelay/BIDS/derivatives/decoding(bipolar)/sub-Motor/lexicality/sub-Motor_task-LexicalDelay_proc-Response_desc-Decision_highgamma.h5,,57,-0.2,1.48,"{""auc"": [57], ""baseline"": [5000, 57], ""channel"": [26], ""mask"": [57], ""p_perm"": [57], ""p_values"": [57], ""time"": [57]}",2290961,2026-09-10T02:16:02.939411+00:00
/hpc/group/coganlab/nanlinshi/insula-functional/results/decoding/LexicalDelay/sub-Motor/(decode)(resolved)(lda)lexicality/sub-Motor_proc-Response_desc-Repeat_highgamma.h5,LexicalDelay,Motor,Response,Repeat,resolved_lda,128,-0.5,1.5,0.3,0.03,,5,,5000,42,26,84,"{""Nonword"": 84, ""Word"": 84}",5,"LDA(solver=lsqr, shrinkage=auto)",roc_auc_pooled_oof,/cwork/ns458/BIDS-1.0_LexicalDecRepDelay/BIDS/derivatives/decoding(bipolar)/sub-Motor/lexicality/sub-Motor_task-LexicalDelay_proc-Response_desc-Repeat_highgamma.h5,,57,-0.2,1.48,"{""auc"": [57], ""baseline"": [5000, 57], ""channel"": [26], ""mask"": [57], ""p_perm"": [57], ""p_values"": [57], ""time"": [57]}",2290961,2026-09-10T02:15:21.945631+00:00
/hpc/group/coganlab/nanlinshi/insula-functional/results/decoding/LexicalDelay/sub-Motor/(decode)(resolved)(lda)lexicality/sub-Motor_proc-Stimulus_desc-Decision_highgamma.h5,LexicalDelay,Motor,Stimulus,Decision,resolved_lda,128,-0.5,1.5,0.3,0.03,,5,,5000,42,18,84,,5,"LDA(solver=lsqr, shrinkage=auto)",roc_auc_pooled_oof,/cwork/ns458/BIDS-1.0_LexicalDecRepDelay/BIDS/derivatives/decoding(bipolar)/sub-Motor/lexicality/sub-Motor_task-LexicalDelay_proc-Stimulus_desc-Decision_highgamma.h5,,57,-0.2,1.48,"{""auc"": [57], ""baseline"": [5000, 57], ""channel"": [18], ""mask"": [57], ""p_perm"": [57], ""p_values"": [57], ""time"": [57]}",2290617,2026-08-26T20:05:28.048307+00:00
/hpc/group/coganlab/nanlinshi/insula-functional/results/decoding/LexicalDelay/sub-Motor/(decode)(resolved)(lda)lexicality/sub-Motor_proc-Stimulus_desc-Repeat_highgamma.h5,LexicalDelay,Motor,Stimulus,Repeat,resolved_lda,128,-0.5,1.5,0.3,0.03,,5,,5000,42,18,84,,5,"LDA(solver=lsqr, shrinkage=auto)",roc_auc_pooled_oof,/cwork/ns458/BIDS-1.0_LexicalDecRepDelay/BIDS/derivatives/decoding(bipolar)/sub-Motor/lexicality/sub-Motor_task-LexicalDelay_proc-Stimulus_desc-Repeat_highgamma.h5,,57,-0.2,1.48,"{""auc"": [57], ""baseline"": [5000, 57], ""channel"": [18], ""mask"": [57], ""p_perm"": [57], ""p_values"": [57], ""time"": [57]}",2290617,2026-08-26T20:06:08.417392+00:00
/hpc/group/coganlab/nanlinshi/insula-functional/results/decoding/LexicalDelay/sub-SMCl/(decode)(resolved)(lda)lexicality/sub-SMCl_proc-Delay_desc-Decision_highgamma.h5,LexicalDelay,SMCl,Delay,Decision,resolved_lda,128,-0.5,1.5,0.3,0.03,,5,,5000,42,32,84,"{""Nonword"": 84, ""Word"": 84}",5,"LDA(solver=lsqr, shrinkage=auto)",roc_auc_pooled_oof,/cwork/ns458/BIDS-1.0_LexicalDecRepDelay/BIDS/derivatives/decoding(bipolar)/sub-SMCl/lexicality/sub-SMCl_task-LexicalDelay_proc-Delay_desc-Decision_highgamma.h5,,57,-0.2,1.48,"{""auc"": [57], ""baseline"": [5000, 57], ""channel"": [32], ""mask"": [57], ""p_perm"": [57], ""p_values"": [57], ""time"": [57]}",2291057,2026-09-10T02:17:08.654657+00:00
/hpc/group/coganlab/nanlinshi/insula-functional/results/decoding/LexicalDelay/sub-SMCl/(decode)(resolved)(lda)lexicality/sub-SMCl_proc-Delay_desc-Repeat_highgamma.h5,LexicalDelay,SMCl,Delay,Repeat,resolved_lda,128,-0.5,1.5,0.3,0.03,,5,,5000,42,32,84,"{""Nonword"": 84, ""Word"": 84}",5,"LDA(solver=lsqr, shrinkage=auto)",roc_auc_pooled_oof,/cwork/ns458/BIDS-1.0_LexicalDecRepDelay/BIDS/derivatives/decoding(bipolar)/sub-SMCl/lexicality/sub-SMCl_task-LexicalDelay_proc-Delay_desc-Repeat_highgamma.h5,,57,-0.2,1.48,"{""auc"": [57], ""baseline"": [5000, 57], ""channel"": [32], ""mask"": [57], ""p_perm"": [57], ""p_values"": [57], ""time"": [57]}",2291057,2026-09-10T02:17:16.311445+00:00
/hpc/group/coganlab/nanlinshi/insula-functional/results/decoding/LexicalDelay/sub-SMCl/(decode)(resolved)(lda)lexicality/sub-SMCl_proc-Response_desc-Decision_highgamma.h5,LexicalDelay,SMCl,Response,Decision,resolved_lda,128,-0.5,1.5,0.3,0.03,,5,,5000,42,47,84,"{""Nonword"": 84, ""Word"": 84}",5,"LDA(solver=lsqr, shrinkage=auto)",roc_auc_pooled_oof,/cwork/ns458/BIDS-1.0_LexicalDecRepDelay/BIDS/derivatives/decoding(bipolar)/sub-SMCl/lexicality/sub-SMCl_task-LexicalDelay_proc-Response_desc-Decision_highgamma.h5,,57,-0.2,1.48,"{""auc"": [57], ""baseline"": [5000, 57], ""channel"": [47], ""mask"": [57], ""p_perm"": [57], ""p_values"": [57], ""time"": [57]}",2291297,2026-09-10T02:30:35.221534+00:00
/hpc/group/coganlab/nanlinshi/insula-functional/results/decoding/LexicalDelay/sub-SMCl/(decode)(resolved)(lda)lexicality/sub-SMCl_proc-Response_desc-Repeat_highgamma.h5,LexicalDelay,SMCl,Response,Repeat,resolved_lda,128,-0.5,1.5,0.3,0.03,,5,,5000,42,47,84,"{""Nonword"": 84, ""Word"": 84}",5,"LDA(solver=lsqr, shrinkage=auto)",roc_auc_pooled_oof,/cwork/ns458/BIDS-1.0_LexicalDecRepDelay/BIDS/derivatives/decoding(bipolar)/sub-SMCl/lexicality/sub-SMCl_task-LexicalDelay_proc-Response_desc-Repeat_highgamma.h5,,57,-0.2,1.48,"{""auc"": [57], ""baseline"": [5000, 57], ""channel"": [47], ""mask"": [57], ""p_perm"": [57], ""p_values"": [57], ""time"": [57]}",2291297,2026-09-10T02:30:33.543220+00:00
/hpc/group/coganlab/nanlinshi/insula-functional/results/decoding/LexicalDelay/sub-SMCl/(decode)(resolved)(lda)lexicality/sub-SMCl_proc-Stimulus_desc-Decision_highgamma.h5,LexicalDelay,SMCl,Stimulus,Decision,resolved_lda,128,-0.5,1.5,0.3,0.03,,5,,5000,42,33,84,"{""Nonword"": 84, ""Word"": 84}",5,"LDA(solver=lsqr, shrinkage=auto)",roc_auc_pooled_oof,/cwork/ns458/BIDS-1.0_LexicalDecRepDelay/BIDS/derivatives/decoding(bipolar)/sub-SMCl/lexicality/sub-SMCl_task-LexicalDelay_proc-Stimulus_desc-Decision_highgamma.h5,,57,-0.2,1.48,"{""auc"": [57], ""baseline"": [5000, 57], ""channel"": [33], ""mask"": [57], ""p_perm"": [57], ""p_values"": [57], ""time"": [57]}",2291073,2026-09-10T02:19:17.566259+00:00
/hpc/group/coganlab/nanlinshi/insula-functional/results/decoding/LexicalDelay/sub-SMCl/(decode)(resolved)(lda)lexicality/sub-SMCl_proc-Stimulus_desc-Repeat_highgamma.h5,LexicalDelay,SMCl,Stimulus,Repeat,resolved_lda,128,-0.5,1.5,0.3,0.03,,5,,5000,42,33,84,"{""Nonword"": 84, ""Word"": 84}",5,"LDA(solver=lsqr, shrinkage=auto)",roc_auc_pooled_oof,/cwork/ns458/BIDS-1.0_LexicalDecRepDelay/BIDS/derivatives/decoding(bipolar)/sub-SMCl/lexicality/sub-SMCl_task-LexicalDelay_proc-Stimulus_desc-Repeat_highgamma.h5,,57,-0.2,1.48,"{""auc"": [57], ""baseline"": [5000, 57], ""channel"": [33], ""mask"": [57], ""p_perm"": [57], ""p_values"": [57], ""time"": [57]}",2291073,2026-09-10T02:08:09.738720+00:00
/hpc/group/coganlab/nanlinshi/insula-functional/results/decoding/LexicalDelay/sub-STGl/(cross)(resolved)(lda)lexicality/sub-STGl_proc-Delay_desc-Decision2Repeat_highgamma.h5,LexicalDelay,STGl,Delay,Decision2Repeat,cross_lda,128,-0.5,1.5,0.3,0.03,,5,,5000,42,92,84,"{""Nonword"": 84, ""Word"": 84}",5,"LDA(solver=lsqr, shrinkage=auto)",roc_auc_pooled_oof,/cwork/ns458/BIDS-1.0_LexicalDecRepDelay/BIDS/derivatives/decoding(bipolar)/sub-STGl/lexicality/sub-STGl_task-LexicalDelay_proc-Delay_desc-Decision_highgamma.h5,/cwork/ns458/BIDS-1.0_LexicalDecRepDelay/BIDS/derivatives/decoding(bipolar)/sub-STGl/lexicality/sub-STGl_task-LexicalDelay_proc-Delay_desc-Repeat_highgamma.h5,57,-0.2,1.48,"{""auc"": [57, 57], ""baseline"": [5000, 57, 57], ""channel"": [92], ""mask"": [57, 57], ""p_perm"": [57, 57], ""p_values"": [57, 57], ""test_time"": [57], ""train_time"": [57], ""trial"": [168]}",130061769,2026-09-10T23:47:49.876758+00:00
/hpc/group/coganlab/nanlinshi/insula-functional/results/decoding/LexicalDelay/sub-STGl/(cross)(resolved)(lda)lexicality/sub-STGl_proc-Delay_desc-Repeat2Decision_highgamma.h5,LexicalDelay,STGl,Delay,Repeat2Decision,cross_lda,128,-0.5,1.5,0.3,0.03,,5,,5000,42,92,84,"{""Nonword"": 84, ""Word"": 84}",5,"LDA(solver=lsqr, shrinkage=auto)",roc_auc_pooled_oof,/cwork/ns458/BIDS-1.0_LexicalDecRepDelay/BIDS/derivatives/decoding(bipolar)/sub-STGl/lexicality/sub-STGl_task-LexicalDelay_proc-Delay_desc-Repeat_highgamma.h5,/cwork/ns458/BIDS-1.0_LexicalDecRepDelay/BIDS/derivatives/decoding(bipolar)/sub-STGl/lexicality/sub-STGl_task-LexicalDelay_proc-Delay_desc-Decision_highgamma.h5,57,-0.2,1.48,"{""auc"": [57, 57], ""baseline"": [5000, 57, 57], ""channel"": [92], ""mask"": [57, 57], ""p_perm"": [57, 57], ""p_values"": [57, 57], ""test_time"": [57], ""train_time"": [57], ""trial"": [168]}",130061769,2026-09-10T23:50:03.779802+00:00
/hpc/group/coganlab/nanlinshi/insula-functional/results/decoding/LexicalDelay/sub-STGl/(decode)(resolved)(lda)lexicality/sub-STGl_proc-Delay_desc-Decision_highgamma.h5,LexicalDelay,STGl,Delay,Decision,resolved_lda,128,-0.5,1.5,0.3,0.03,,5,,5000,42,92,84,,5,"LDA(solver=lsqr, shrinkage=auto)",roc_auc_pooled_oof,/cwork/ns458/BIDS-1.0_LexicalDecRepDelay/BIDS/derivatives/decoding(bipolar)/sub-STGl/lexicality/sub-STGl_task-LexicalDelay_proc-Delay_desc-Decision_highgamma.h5,,57,-0.2,1.48,"{""auc"": [57], ""baseline"": [5000, 57], ""channel"": [92], ""mask"": [57], ""p_perm"": [57], ""p_values"": [57], ""time"": [57]}",2291801,2026-08-26T22:28:13.023467+00:00
/hpc/group/coganlab/nanlinshi/insula-functional/results/decoding/LexicalDelay/sub-STGl/(decode)(resolved)(lda)lexicality/sub-STGl_proc-Delay_desc-Repeat_highgamma.h5,LexicalDelay,STGl,Delay,Repeat,resolved_lda,128,-0.5,1.5,0.3,0.03,,5,,5000,42,92,84,,5,"LDA(solver=lsqr, shrinkage=auto)",roc_auc_pooled_oof,/cwork/ns458/BIDS-1.0_LexicalDecRepDelay/BIDS/derivatives/decoding(bipolar)/sub-STGl/lexicality/sub-STGl_task-LexicalDelay_proc-Delay_desc-Repeat_highgamma.h5,,57,-0.2,1.48,"{""auc"": [57], ""baseline"": [5000, 57], ""channel"": [92], ""mask"": [57], ""p_perm"": [57], ""p_values"": [57], ""time"": [57]}",2291801,2026-08-26T22:40:43.223904+00:00
/hpc/group/coganlab/nanlinshi/insula-functional/results/decoding/LexicalDelay/sub-STGl/(decode)(resolved)(lda)lexicality/sub-STGl_proc-Response_desc-Decision_highgamma.h5,LexicalDelay,STGl,Response,Decision,resolved_lda,128,-0.5,1.5,0.3,0.03,,5,,5000,42,94,84,"{""Nonword"": 84, ""Word"": 84}",5,"LDA(solver=lsqr, shrinkage=auto)",roc_auc_pooled_oof,/cwork/ns458/BIDS-1.0_LexicalDecRepDelay/BIDS/derivatives/decoding(bipolar)/sub-STGl/lexicality/sub-STGl_task-LexicalDelay_proc-Response_desc-Decision_highgamma.h5,,57,-0.2,1.48,"{""auc"": [57], ""baseline"": [5000, 57], ""channel"": [94], ""mask"": [57], ""p_perm"": [57], ""p_values"": [57], ""time"": [57]}",2292049,2026-09-10T04:41:03.806365+00:00
/hpc/group/coganlab/nanlinshi/insula-functional/results/decoding/LexicalDelay/sub-STGl/(decode)(resolved)(lda)lexicality/sub-STGl_proc-Response_desc-Repeat_highgamma.h5,LexicalDelay,STGl,Response,Repeat,resolved_lda,128,-0.5,1.5,0.3,0.03,,5,,5000,42,94,84,"{""Nonword"": 84, ""Word"": 84}",5,"LDA(solver=lsqr, shrinkage=auto)",roc_auc_pooled_oof,/cwork/ns458/BIDS-1.0_LexicalDecRepDelay/BIDS/derivatives/decoding(bipolar)/sub-STGl/lexicality/sub-STGl_task-LexicalDelay_proc-Response_desc-Repeat_highgamma.h5,,57,-0.2,1.48,"{""auc"": [57], ""baseline"": [5000, 57], ""channel"": [94], ""mask"": [57], ""p_perm"": [57], ""p_values"": [57], ""time"": [57]}",2292049,2026-09-10T03:23:26.658584+00:00
/hpc/group/coganlab/nanlinshi/insula-functional/results/decoding/LexicalDelay/sub-STGl/(decode)(resolved)(lda)lexicality/sub-STGl_proc-Stimulus_desc-Decision_highgamma.h5,LexicalDelay,STGl,Stimulus,Decision,resolved_lda,128,-0.5,1.5,0.3,0.03,,5,,5000,42,85,84,,5,"LDA(solver=lsqr, shrinkage=auto)",roc_auc_pooled_oof,/cwork/ns458/BIDS-1.0_LexicalDecRepDelay/BIDS/derivatives/decoding(bipolar)/sub-STGl/lexicality/sub-STGl_task-LexicalDelay_proc-Stimulus_desc-Decision_highgamma.h5,,57,-0.2,1.48,"{""auc"": [57], ""baseline"": [5000, 57], ""channel"": [85], ""mask"": [57], ""p_perm"": [57], ""p_values"": [57], ""time"": [57]}",2291689,2026-08-26T22:05:32.551842+00:00
/hpc/group/coganlab/nanlinshi/insula-functional/results/decoding/LexicalDelay/sub-STGl/(decode)(resolved)(lda)lexicality/sub-STGl_proc-Stimulus_desc-Repeat_highgamma.h5,LexicalDelay,STGl,Stimulus,Repeat,resolved_lda,128,-0.5,1.5,0.3,0.03,,5,,5000,42,85,84,,5,"LDA(solver=lsqr, shrinkage=auto)",roc_auc_pooled_oof,/cwork/ns458/BIDS-1.0_LexicalDecRepDelay/BIDS/derivatives/decoding(bipolar)/sub-STGl/lexicality/sub-STGl_task-LexicalDelay_proc-Stimulus_desc-Repeat_highgamma.h5,,57,-0.2,1.48,"{""auc"": [57], ""baseline"": [5000, 57], ""channel"": [85], ""mask"": [57], ""p_perm"": [57], ""p_values"": [57], ""time"": [57]}",2291689,2026-08-26T22:14:20.315645+00:00
/hpc/group/coganlab/nanlinshi/insula-functional/results/decoding/LexicalDelay/sub-Sensory/(cross)(resolved)(lda)lexicality/sub-Sensory_proc-Delay_desc-Decision2Repeat_highgamma.h5,LexicalDelay,Sensory,Delay,Decision2Repeat,cross_lda,128,-0.5,1.5,0.3,0.03,,5,,5000,42,14,84,"{""Nonword"": 84, ""Word"": 84}",5,"LDA(solver=lsqr, shrinkage=auto)",roc_auc_pooled_oof,/cwork/ns458/BIDS-1.0_LexicalDecRepDelay/BIDS/derivatives/decoding(bipolar)/sub-Sensory/lexicality/sub-Sensory_task-LexicalDelay_proc-Delay_desc-Decision_highgamma.h5,/cwork/ns458/BIDS-1.0_LexicalDecRepDelay/BIDS/derivatives/decoding(bipolar)/sub-Sensory/lexicality/sub-Sensory_task-LexicalDelay_proc-Delay_desc-Repeat_highgamma.h5,57,-0.2,1.48,"{""auc"": [57, 57], ""baseline"": [5000, 57, 57], ""channel"": [14], ""mask"": [57, 57], ""p_perm"": [57, 57], ""p_values"": [57, 57], ""test_time"": [57], ""train_time"": [57], ""trial"": [168]}",130060297,2026-09-10T20:00:08.060555+00:00
/hpc/group/coganlab/nanlinshi/insula-functional/results/decoding/LexicalDelay/sub-Sensory/(cross)(resolved)(lda)lexicality/sub-Sensory_proc-Delay_desc-Repeat2Decision_highgamma.h5,LexicalDelay,Sensory,Delay,Repeat2Decision,cross_lda,128,-0.5,1.5,0.3,0.03,,5,,5000,42,14,84,"{""Nonword"": 84, ""Word"": 84}",5,"LDA(solver=lsqr, shrinkage=auto)",roc_auc_pooled_oof,/cwork/ns458/BIDS-1.0_LexicalDecRepDelay/BIDS/derivatives/decoding(bipolar)/sub-Sensory/lexicality/sub-Sensory_task-LexicalDelay_proc-Delay_desc-Repeat_highgamma.h5,/cwork/ns458/BIDS-1.0_LexicalDecRepDelay/BIDS/derivatives/decoding(bipolar)/sub-Sensory/lexicality/sub-Sensory_task-LexicalDelay_proc-Delay_desc-Decision_highgamma.h5,57,-0.2,1.48,"{""auc"": [57, 57], ""baseline"": [5000, 57, 57], ""channel"": [14], ""mask"": [57, 57], ""p_perm"": [57, 57], ""p_values"": [57, 57], ""test_time"": [57], ""train_time"": [57], ""trial"": [168]}",130060297,2026-09-10T19:02:33.320194+00:00
/hpc/group/coganlab/nanlinshi/insula-functional/results/decoding/LexicalDelay/sub-Sensory/(decode)(resolved)(lda)lexicality/sub-Sensory_proc-Delay_desc-Decision_highgamma.h5,LexicalDelay,Sensory,Delay,Decision,resolved_lda,128,-0.5,1.5,0.3,0.03,,5,,5000,42,14,84,,5,"LDA(solver=lsqr, shrinkage=auto)",roc_auc_pooled_oof,/cwork/ns458/BIDS-1.0_LexicalDecRepDelay/BIDS/derivatives/decoding(bipolar)/sub-Sensory/lexicality/sub-Sensory_task-LexicalDelay_proc-Delay_desc-Decision_highgamma.h5,,57,-0.2,1.48,"{""auc"": [57], ""baseline"": [5000, 57], ""channel"": [14], ""mask"": [57], ""p_perm"": [57], ""p_values"": [57], ""time"": [57]}",2290553,2026-08-26T20:02:11.343395+00:00
/hpc/group/coganlab/nanlinshi/insula-functional/results/decoding/LexicalDelay/sub-Sensory/(decode)(resolved)(lda)lexicality/sub-Sensory_proc-Delay_desc-Repeat_highgamma.h5,LexicalDelay,Sensory,Delay,Repeat,resolved_lda,128,-0.5,1.5,0.3,0.03,,5,,5000,42,14,84,,5,"LDA(solver=lsqr, shrinkage=auto)",roc_auc_pooled_oof,/cwork/ns458/BIDS-1.0_LexicalDecRepDelay/BIDS/derivatives/decoding(bipolar)/sub-Sensory/lexicality/sub-Sensory_task-LexicalDelay_proc-Delay_desc-Repeat_highgamma.h5,,57,-0.2,1.48,"{""auc"": [57], ""baseline"": [5000, 57], ""channel"": [14], ""mask"": [57], ""p_perm"": [57], ""p_values"": [57], ""time"": [57]}",2290553,2026-08-26T19:57:08.164909+00:00
/hpc/group/coganlab/nanlinshi/insula-functional/results/decoding/LexicalDelay/sub-Sensory/(decode)(resolved)(lda)lexicality/sub-Sensory_proc-Response_desc-Decision_highgamma.h5,LexicalDelay,Sensory,Response,Decision,resolved_lda,128,-0.5,1.5,0.3,0.03,,5,,5000,42,10,84,"{""Nonword"": 84, ""Word"": 82}",5,"LDA(solver=lsqr, shrinkage=auto)",roc_auc_pooled_oof,/cwork/ns458/BIDS-1.0_LexicalDecRepDelay/BIDS/derivatives/decoding(bipolar)/sub-Sensory/lexicality/sub-Sensory_task-LexicalDelay_proc-Response_desc-Decision_highgamma.h5,,57,-0.2,1.48,"{""auc"": [57], ""baseline"": [5000, 57], ""channel"": [10], ""mask"": [57], ""p_perm"": [57], ""p_values"": [57], ""time"": [57]}",2290705,2026-09-10T02:07:25.553817+00:00
/hpc/group/coganlab/nanlinshi/insula-functional/results/decoding/LexicalDelay/sub-Sensory/(decode)(resolved)(lda)lexicality/sub-Sensory_proc-Response_desc-Repeat_highgamma.h5,LexicalDelay,Sensory,Response,Repeat,resolved_lda,128,-0.5,1.5,0.3,0.03,,5,,5000,42,10,84,"{""Nonword"": 84, ""Word"": 83}",5,"LDA(solver=lsqr, shrinkage=auto)",roc_auc_pooled_oof,/cwork/ns458/BIDS-1.0_LexicalDecRepDelay/BIDS/derivatives/decoding(bipolar)/sub-Sensory/lexicality/sub-Sensory_task-LexicalDelay_proc-Response_desc-Repeat_highgamma.h5,,57,-0.2,1.48,"{""auc"": [57], ""baseline"": [5000, 57], ""channel"": [10], ""mask"": [57], ""p_perm"": [57], ""p_values"": [57], ""time"": [57]}",2290705,2026-09-10T02:08:11.432731+00:00
/hpc/group/coganlab/nanlinshi/insula-functional/results/decoding/LexicalDelay/sub-Sensory/(decode)(resolved)(lda)lexicality/sub-Sensory_proc-Stimulus_desc-Decision_highgamma.h5,LexicalDelay,Sensory,Stimulus,Decision,resolved_lda,128,-0.5,1.5,0.3,0.03,,5,,5000,42,16,84,,5,"LDA(solver=lsqr, shrinkage=auto)",roc_auc_pooled_oof,/cwork/ns458/BIDS-1.0_LexicalDecRepDelay/BIDS/derivatives/decoding(bipolar)/sub-Sensory/lexicality/sub-Sensory_task-LexicalDelay_proc-Stimulus_desc-Decision_highgamma.h5,,57,-0.2,1.48,"{""auc"": [57], ""baseline"": [5000, 57], ""channel"": [16], ""mask"": [57], ""p_perm"": [57], ""p_values"": [57], ""time"": [57]}",2290585,2026-08-26T19:57:40.023513+00:00
/hpc/group/coganlab/nanlinshi/insula-functional/results/decoding/LexicalDelay/sub-Sensory/(decode)(resolved)(lda)lexicality/sub-Sensory_proc-Stimulus_desc-Repeat_highgamma.h5,LexicalDelay,Sensory,Stimulus,Repeat,resolved_lda,128,-0.5,1.5,0.3,0.03,,5,,5000,42,16,84,,5,"LDA(solver=lsqr, shrinkage=auto)",roc_auc_pooled_oof,/cwork/ns458/BIDS-1.0_LexicalDecRepDelay/BIDS/derivatives/decoding(bipolar)/sub-Sensory/lexicality/sub-Sensory_task-LexicalDelay_proc-Stimulus_desc-Repeat_highgamma.h5,,57,-0.2,1.48,"{""auc"": [57], ""baseline"": [5000, 57], ""channel"": [16], ""mask"": [57], ""p_perm"": [57], ""p_values"": [57], ""time"": [57]}",2290585,2026-08-26T20:06:08.465580+00:00
/hpc/group/coganlab/nanlinshi/insula-functional/results/decoding/LexicalDelay/sub-Sustain/(cross)(resolved)(lda)lexicality/sub-Sustain_proc-Delay_desc-Decision2Repeat_highgamma.h5,LexicalDelay,Sustain,Delay,Decision2Repeat,cross_lda,128,-0.5,1.5,0.3,0.03,,5,,5000,42,30,84,"{""Nonword"": 83, ""Word"": 83}",5,"LDA(solver=lsqr, shrinkage=auto)",roc_auc_pooled_oof,/cwork/ns458/BIDS-1.0_LexicalDecRepDelay/BIDS/derivatives/decoding(bipolar)/sub-Sustain/lexicality/sub-Sustain_task-LexicalDelay_proc-Delay_desc-Decision_highgamma.h5,/cwork/ns458/BIDS-1.0_LexicalDecRepDelay/BIDS/derivatives/decoding(bipolar)/sub-Sustain/lexicality/sub-Sustain_task-LexicalDelay_proc-Delay_desc-Repeat_highgamma.h5,57,-0.2,1.48,"{""auc"": [57, 57], ""baseline"": [5000, 57, 57], ""channel"": [30], ""mask"": [57, 57], ""p_perm"": [57, 57], ""p_values"": [57, 57], ""test_time"": [57], ""train_time"": [57], ""trial"": [166]}",130060265,2026-09-10T20:22:51.168420+00:00
/hpc/group/coganlab/nanlinshi/insula-functional/results/decoding/LexicalDelay/sub-Sustain/(cross)(resolved)(lda)lexicality/sub-Sustain_proc-Delay_desc-Repeat2Decision_highgamma.h5,LexicalDelay,Sustain,Delay,Repeat2Decision,cross_lda,128,-0.5,1.5,0.3,0.03,,5,,5000,42,30,84,"{""Nonword"": 83, ""Word"": 83}",5,"LDA(solver=lsqr, shrinkage=auto)",roc_auc_pooled_oof,/cwork/ns458/BIDS-1.0_LexicalDecRepDelay/BIDS/derivatives/decoding(bipolar)/sub-Sustain/lexicality/sub-Sustain_task-LexicalDelay_proc-Delay_desc-Repeat_highgamma.h5,/cwork/ns458/BIDS-1.0_LexicalDecRepDelay/BIDS/derivatives/decoding(bipolar)/sub-Sustain/lexicality/sub-Sustain_task-LexicalDelay_proc-Delay_desc-Decision_highgamma.h5,57,-0.2,1.48,"{""auc"": [57, 57], ""baseline"": [5000, 57, 57], ""channel"": [30], ""mask"": [57, 57], ""p_perm"": [57, 57], ""p_values"": [57, 57], ""test_time"": [57], ""train_time"": [57], ""trial"": [166]}",130060265,2026-09-10T20:19:48.990882+00:00
/hpc/group/coganlab/nanlinshi/insula-functional/results/decoding/LexicalDelay/sub-Sustain/(decode)(resolved)(lda)lexicality/sub-Sustain_proc-Delay_desc-Decision_highgamma.h5,LexicalDelay,Sustain,Delay,Decision,resolved_lda,128,-0.5,1.5,0.3,0.03,,5,,5000,42,30,84,,5,"LDA(solver=lsqr, shrinkage=auto)",roc_auc_pooled_oof,/cwork/ns458/BIDS-1.0_LexicalDecRepDelay/BIDS/derivatives/decoding(bipolar)/sub-Sustain/lexicality/sub-Sustain_task-LexicalDelay_proc-Delay_desc-Decision_highgamma.h5,,57,-0.2,1.48,"{""auc"": [57], ""baseline"": [5000, 57], ""channel"": [30], ""mask"": [57], ""p_perm"": [57], ""p_values"": [57], ""time"": [57]}",2290809,2026-08-26T20:12:21.256329+00:00
/hpc/group/coganlab/nanlinshi/insula-functional/results/decoding/LexicalDelay/sub-Sustain/(decode)(resolved)(lda)lexicality/sub-Sustain_proc-Delay_desc-Repeat_highgamma.h5,LexicalDelay,Sustain,Delay,Repeat,resolved_lda,128,-0.5,1.5,0.3,0.03,,5,,5000,42,30,84,,5,"LDA(solver=lsqr, shrinkage=auto)",roc_auc_pooled_oof,/cwork/ns458/BIDS-1.0_LexicalDecRepDelay/BIDS/derivatives/decoding(bipolar)/sub-Sustain/lexicality/sub-Sustain_task-LexicalDelay_proc-Delay_desc-Repeat_highgamma.h5,,57,-0.2,1.48,"{""auc"": [57], ""baseline"": [5000, 57], ""channel"": [30], ""mask"": [57], ""p_perm"": [57], ""p_values"": [57], ""time"": [57]}",2290809,2026-08-26T20:11:00.371629+00:00
/hpc/group/coganlab/nanlinshi/insula-functional/results/decoding/LexicalDelay/sub-Sustain/(decode)(resolved)(lda)lexicality/sub-Sustain_proc-Response_desc-Decision_highgamma.h5,LexicalDelay,Sustain,Response,Decision,resolved_lda,128,-0.5,1.5,0.3,0.03,,5,,5000,42,28,84,"{""Nonword"": 84, ""Word"": 84}",5,"LDA(solver=lsqr, shrinkage=auto)",roc_auc_pooled_oof,/cwork/ns458/BIDS-1.0_LexicalDecRepDelay/BIDS/derivatives/decoding(bipolar)/sub-Sustain/lexicality/sub-Sustain_task-LexicalDelay_proc-Response_desc-Decision_highgamma.h5,,57,-0.2,1.48,"{""auc"": [57], ""baseline"": [5000, 57], ""channel"": [28], ""mask"": [57], ""p_perm"": [57], ""p_values"": [57], ""time"": [57]}",2290993,2026-09-10T02:16:20.308816+00:00
/hpc/group/coganlab/nanlinshi/insula-functional/results/decoding/LexicalDelay/sub-Sustain/(decode)(resolved)(lda)lexicality/sub-Sustain_proc-Response_desc-Repeat_highgamma.h5,LexicalDelay,Sustain,Response,Repeat,resolved_lda,128,-0.5,1.5,0.3,0.03,,5,,5000,42,28,84,"{""Nonword"": 84, ""Word"": 84}",5,"LDA(solver=lsqr, shrinkage=auto)",roc_auc_pooled_oof,/cwork/ns458/BIDS-1.0_LexicalDecRepDelay/BIDS/derivatives/decoding(bipolar)/sub-Sustain/lexicality/sub-Sustain_task-LexicalDelay_proc-Response_desc-Repeat_highgamma.h5,,57,-0.2,1.48,"{""auc"": [57], ""baseline"": [5000, 57], ""channel"": [28], ""mask"": [57], ""p_perm"": [57], ""p_values"": [57], ""time"": [57]}",2290993,2026-09-10T02:09:27.963070+00:00
/hpc/group/coganlab/nanlinshi/insula-functional/results/decoding/LexicalDelay/sub-Sustain/(decode)(resolved)(lda)lexicality/sub-Sustain_proc-Stimulus_desc-Decision_highgamma.h5,LexicalDelay,Sustain,Stimulus,Decision,resolved_lda,128,-0.5,1.5,0.3,0.03,,5,,5000,42,30,84,,5,"LDA(solver=lsqr, shrinkage=auto)",roc_auc_pooled_oof,/cwork/ns458/BIDS-1.0_LexicalDecRepDelay/BIDS/derivatives/decoding(bipolar)/sub-Sustain/lexicality/sub-Sustain_task-LexicalDelay_proc-Stimulus_desc-Decision_highgamma.h5,,57,-0.2,1.48,"{""auc"": [57], ""baseline"": [5000, 57], ""channel"": [30], ""mask"": [57], ""p_perm"": [57], ""p_values"": [57], ""time"": [57]}",2290809,2026-08-26T20:11:00.592690+00:00
/hpc/group/coganlab/nanlinshi/insula-functional/results/decoding/LexicalDelay/sub-Sustain/(decode)(resolved)(lda)lexicality/sub-Sustain_proc-Stimulus_desc-Repeat_highgamma.h5,LexicalDelay,Sustain,Stimulus,Repeat,resolved_lda,128,-0.5,1.5,0.3,0.03,,5,,5000,42,30,84,,5,"LDA(solver=lsqr, shrinkage=auto)",roc_auc_pooled_oof,/cwork/ns458/BIDS-1.0_LexicalDecRepDelay/BIDS/derivatives/decoding(bipolar)/sub-Sustain/lexicality/sub-Sustain_task-LexicalDelay_proc-Stimulus_desc-Repeat_highgamma.h5,,57,-0.2,1.48,"{""auc"": [57], ""baseline"": [5000, 57], ""channel"": [30], ""mask"": [57], ""p_perm"": [57], ""p_values"": [57], ""time"": [57]}",2290809,2026-08-26T20:10:48.579327+00:00
/hpc/group/coganlab/nanlinshi/insula-functional/results/decoding/PhonemeSequence/sub-Motor/(decode)articulator/sub-Motor_proc-Delay_recording-1_desc-Repeat_highgamma.h5,PhonemeSequence,Motor,Delay,Repeat,window_svm,128,0.0,0.7,,,0.8,5,30,200,42,,,,,,,,,0,,,"{""accuracy"": [5], ""accuracy_repeats"": [30, 5], ""accuracy_stable"": [], ""classes"": [4], ""confusion"": [4, 4], ""confusion_norm"": [4, 4], ""p_value"": [], ""perm_scores"": [5, 200]}",14280,2026-08-11T14:13:13.809239+00:00
/hpc/group/coganlab/nanlinshi/insula-functional/results/decoding/PhonemeSequence/sub-Motor/(decode)articulator/sub-Motor_proc-Go_recording-1_desc-Repeat_highgamma.h5,PhonemeSequence,Motor,Go,Repeat,window_svm,128,0.0,0.5,,,0.8,5,30,200,42,,,,,,,,,0,,,"{""accuracy"": [5], ""accuracy_repeats"": [30, 5], ""accuracy_stable"": [], ""classes"": [4], ""confusion"": [4, 4], ""confusion_norm"": [4, 4], ""p_value"": [], ""perm_scores"": [5, 200]}",14280,2026-08-11T14:13:28.484210+00:00
/hpc/group/coganlab/nanlinshi/insula-functional/results/decoding/PhonemeSequence/sub-Motor/(decode)articulator/sub-Motor_proc-Response_recording-1_desc-Repeat_highgamma.h5,PhonemeSequence,Motor,Response,Repeat,window_svm,128,0.0,1.0,,,0.8,5,30,200,42,,,,,,,,,0,,,"{""accuracy"": [5], ""accuracy_repeats"": [30, 5], ""accuracy_stable"": [], ""classes"": [4], ""confusion"": [4, 4], ""confusion_norm"": [4, 4], ""p_value"": [], ""perm_scores"": [5, 200]}",14280,2026-08-11T14:14:28.538979+00:00
/hpc/group/coganlab/nanlinshi/insula-functional/results/decoding/PhonemeSequence/sub-Motor/(decode)articulator/sub-Motor_proc-Stimulus_recording-1_desc-Repeat_highgamma.h5,PhonemeSequence,Motor,Stimulus,Repeat,window_svm,128,0.0,0.5,,,0.8,5,30,200,42,,,,,,,,,0,,,"{""accuracy"": [5], ""accuracy_repeats"": [30, 5], ""accuracy_stable"": [], ""classes"": [4], ""confusion"": [4, 4], ""confusion_norm"": [4, 4], ""p_value"": [], ""perm_scores"": [5, 200]}",14280,2026-08-11T14:12:52.832325+00:00
/hpc/group/coganlab/nanlinshi/insula-functional/results/decoding/PhonemeSequence/sub-Sensory/(decode)articulator/sub-Sensory_proc-Delay_recording-1_desc-Repeat_highgamma.h5,PhonemeSequence,Sensory,Delay,Repeat,window_svm,128,0.0,0.7,,,0.8,5,30,200,42,,,,,,,,,0,,,"{""accuracy"": [5], ""accuracy_repeats"": [30, 5], ""accuracy_stable"": [], ""classes"": [4], ""confusion"": [4, 4], ""confusion_norm"": [4, 4], ""p_value"": [], ""perm_scores"": [5, 200]}",14280,2026-08-11T14:11:58.751900+00:00
/hpc/group/coganlab/nanlinshi/insula-functional/results/decoding/PhonemeSequence/sub-Sensory/(decode)articulator/sub-Sensory_proc-Go_recording-1_desc-Repeat_highgamma.h5,PhonemeSequence,Sensory,Go,Repeat,window_svm,128,0.0,0.5,,,0.8,5,30,200,42,,,,,,,,,0,,,"{""accuracy"": [5], ""accuracy_repeats"": [30, 5], ""accuracy_stable"": [], ""classes"": [4], ""confusion"": [4, 4], ""confusion_norm"": [4, 4], ""p_value"": [], ""perm_scores"": [5, 200]}",14280,2026-08-11T14:11:57.912192+00:00
/hpc/group/coganlab/nanlinshi/insula-functional/results/decoding/PhonemeSequence/sub-Sensory/(decode)articulator/sub-Sensory_proc-Response_recording-1_desc-Repeat_highgamma.h5,PhonemeSequence,Sensory,Response,Repeat,window_svm,128,0.0,1.0,,,0.8,5,30,200,42,,,,,,,,,0,,,"{""accuracy"": [5], ""accuracy_repeats"": [30, 5], ""accuracy_stable"": [], ""classes"": [4], ""confusion"": [4, 4], ""confusion_norm"": [4, 4], ""p_value"": [], ""perm_scores"": [5, 200]}",14280,2026-08-11T14:12:04.234871+00:00
/hpc/group/coganlab/nanlinshi/insula-functional/results/decoding/PhonemeSequence/sub-Sensory/(decode)articulator/sub-Sensory_proc-Stimulus_recording-1_desc-Repeat_highgamma.h5,PhonemeSequence,Sensory,Stimulus,Repeat,window_svm,128,0.0,0.5,,,0.8,5,30,200,42,,,,,,,,,0,,,"{""accuracy"": [5], ""accuracy_repeats"": [30, 5], ""accuracy_stable"": [], ""classes"": [4], ""confusion"": [4, 4], ""confusion_norm"": [4, 4], ""p_value"": [], ""perm_scores"": [5, 200]}",14280,2026-08-11T14:12:09.120331+00:00
/hpc/group/coganlab/nanlinshi/insula-functional/results/decoding/PhonemeSequence/sub-Sustain/(decode)articulator/sub-Sustain_proc-Delay_recording-1_desc-Repeat_highgamma.h5,PhonemeSequence,Sustain,Delay,Repeat,window_svm,128,0.0,0.7,,,0.8,5,30,200,42,,,,,,,,,0,,,"{""accuracy"": [5], ""accuracy_repeats"": [30, 5], ""accuracy_stable"": [], ""classes"": [4], ""confusion"": [4, 4], ""confusion_norm"": [4, 4], ""p_value"": [], ""perm_scores"": [5, 200]}",14280,2026-08-11T14:12:42.416527+00:00
/hpc/group/coganlab/nanlinshi/insula-functional/results/decoding/PhonemeSequence/sub-Sustain/(decode)articulator/sub-Sustain_proc-Go_recording-1_desc-Repeat_highgamma.h5,PhonemeSequence,Sustain,Go,Repeat,window_svm,128,0.0,0.5,,,0.8,5,30,200,42,,,,,,,,,0,,,"{""accuracy"": [5], ""accuracy_repeats"": [30, 5], ""accuracy_stable"": [], ""classes"": [4], ""confusion"": [4, 4], ""confusion_norm"": [4, 4], ""p_value"": [], ""perm_scores"": [5, 200]}",14280,2026-08-11T14:12:35.854901+00:00
/hpc/group/coganlab/nanlinshi/insula-functional/results/decoding/PhonemeSequence/sub-Sustain/(decode)articulator/sub-Sustain_proc-Response_recording-1_desc-Repeat_highgamma.h5,PhonemeSequence,Sustain,Response,Repeat,window_svm,128,0.0,1.0,,,0.8,5,30,200,42,,,,,,,,,0,,,"{""accuracy"": [5], ""accuracy_repeats"": [30, 5], ""accuracy_stable"": [], ""classes"": [4], ""confusion"": [4, 4], ""confusion_norm"": [4, 4], ""p_value"": [], ""perm_scores"": [5, 200]}",14280,2026-08-11T14:12:51.853484+00:00
/hpc/group/coganlab/nanlinshi/insula-functional/results/decoding/PhonemeSequence/sub-Sustain/(decode)articulator/sub-Sustain_proc-Stimulus_recording-1_desc-Repeat_highgamma.h5,PhonemeSequence,Sustain,Stimulus,Repeat,window_svm,128,0.0,0.5,,,0.8,5,30,200,42,,,,,,,,,0,,,"{""accuracy"": [5], ""accuracy_repeats"": [30, 5], ""accuracy_stable"": [], ""classes"": [4], ""confusion"": [4, 4], ""confusion_norm"": [4, 4], ""p_value"": [], ""perm_scores"": [5, 200]}",14280,2026-08-11T14:12:30.882679+00:00
