channel,subject,roi,hemi,x,y,z,component,functional_cluster,loading_sustain,loading_motor,loading_sensory,dominance
D0022_LMIF3-4,D0022,PIC,L,-36.826,3.4288000000000007,-28.51879,1,sustain,0.3562572659325553,0.3063038360266903,0.3159764823876074,0.3640711114538817
D0022_LPIF3-4,D0022,PIC,L,-33.9695,-3.025400000000001,-19.234312,0,motor,0.1227507096171528,0.7334062116570784,0.4070898423501982,0.5805724049930154
D0023_R2IF1-2,D0023,PIC,R,35.7033,7.35276,-0.9473999999999982,0,motor,0.0,0.7344841822857475,0.5315960201853233,0.5801245299090996
D0027_LAI1-2,D0027,AIC,L,-33.4346,25.11575,-21.90589,0,motor,0.4774815355423387,0.6327463552524032,0.0962215146153981,0.5244698637298404
D0028_LAI1-2,D0028,AIC,L,-32.7839,29.0927,-30.7715,1,sustain,0.6327999300506235,0.1583701585225794,0.0728208941280973,0.7324149704342409
D0028_LPI1-2,D0028,PIC,L,-36.8397,13.34581,-25.12464,0,motor,0.2175331926112869,0.5580143616577291,0.1475223469097661,0.6045201570814208
D0032_LAI1-2,D0032,AIC,L,-35.3716,26.60554,-27.82717,0,motor,0.3329219675366072,0.5237217740631332,0.0356864351939153,0.5869147852255586
D0032_LAI2-3,D0032,AIC,L,-35.621,26.88848,-24.63955,0,motor,0.2406003036735593,0.7900250356627767,0.0272500324672499,0.7468035051386557
D0032_LAI3-4,D0032,AIC,L,-35.6311,27.6644,-21.58193,0,motor,0.3364364289150744,0.8007868551070815,0.0,0.7041597427330553
D0032_LPI6-7,D0032,AIC,L,-33.2655,9.08763,-7.7197,0,motor,0.2577094629933298,0.6217248028293634,0.0197677235759484,0.6914184022715003
D0035_LAI2-3,D0035,AIC,L,-38.9591,26.81643,-21.44476,0,motor,0.4365212738635224,0.4802676481926482,0.0,0.5238584767314878
D0035_LPI1-2,D0035,PIC,L,-34.2676,5.060499999999999,-25.17764,1,sustain,0.4761502522013201,0.178405632521782,0.3325546830018429,0.4823676979760567
D0035_LPI2-3,D0035,PIC,L,-34.5056,5.7844,-21.1425,0,motor,0.0901673315510892,0.6953418221941975,0.4273387550215379,0.5733132878146224
D0035_LPI3-4,D0035,PIC,L,-34.7331,6.336499999999999,-16.87796,0,motor,0.1033209031974584,0.8075757656614084,0.3624465608831695,0.634216876328791
D0035_LPI4-5,D0035,PIC,L,-34.6143,7.23334,-12.80319,0,motor,0.0939706014348752,0.928873503399228,0.0215721904796853,0.8893709410385575
D0038_LI4-5,D0038,AIC,L,-33.21,17.443948,-19.534207,0,motor,0.4062927919401026,0.7828421621992525,0.0729461400793444,0.6202788123404039
D0038_LI5-6,D0038,AIC,L,-33.3162,17.91391,-15.29914,0,motor,0.0,0.936624128071846,0.0382086582707337,0.960804910538466
D0038_LI6-7,D0038,AIC,L,-34.1179,18.41589,-10.95406,0,motor,0.0232017963350443,0.9292034342862407,0.006717704024058,0.9688053540600968
D0038_RI1-2,D0038,AIC,R,37.4057,20.20053,-17.73337,0,motor,0.0254576165610501,0.9522088415588276,0.0226261341934844,0.9519303140660752
D0038_RI2-3,D0038,AIC,R,36.8639,20.80382,-13.38474,0,motor,0.0,0.9768219403433192,0.0,1.0
D0040_L3ST1-2,D0040,PIC,L,-29.7313,-4.741,-16.13331,0,motor,0.1176902683915018,0.6351759908427342,0.6161573691253212,0.4639627671027407
D0042_RPI1-2,D0042,PIC,R,34.568,-3.599499999999999,-19.37378,2,sensory,0.3809810410294062,0.2331159216647143,0.6191416812677799,0.5020453132077716
D0042_RPI2-3,D0042,PIC,R,34.2672,-1.7014999999999991,-15.12849,2,sensory,0.1118067833391199,0.1691046658309266,0.8005999336163774,0.7402602934734708
D0042_RPI5-6,D0042,PIC,R,34.5156,4.1069,-2.2155999999999985,0,motor,0.1634763366980194,0.8204613451217119,0.2949484460178256,0.6415437053094114
D0044_LI5-6,D0044,PIC,L,-35.5749,6.8293,-22.87198,1,sustain,0.7569880674179464,0.1913844879569713,0.2087947876111952,0.6541733760516528
D0044_LI6-7,D0044,PIC,L,-34.8747,7.91188,-17.27998,1,sustain,0.6589565995015296,0.2960959787466967,0.3559650494043433,0.5026298545515503
D0044_LI8-9,D0044,AIC,L,-33.8834,11.00043,-6.3507,0,motor,0.4969560080494159,0.5459854885154994,0.2334797025230271,0.4277471174136166
D0044_RI1-2,D0044,PIC,R,39.0631,6.9926,-24.73111,0,motor,0.0,0.7950273267224355,0.1397968628474778,0.8504565196245141
D0044_RI4-5,D0044,PIC,R,38.9613,9.0282,-14.53494,0,motor,0.0,0.9154982671065218,0.060450905891283,0.9380593707502234
D0045_RAI1-2,D0045,AIC,R,41.0018,30.1842,-32.7949,1,sustain,0.5186547864576107,0.4893899315181308,0.2046892547086936,0.4276739978756821
D0045_RAI3-4,D0045,AIC,R,42.0771,31.8881,-24.35707,1,sustain,0.6161528400890268,0.1754352794168564,0.0233631207915989,0.7560609882182794
D0045_RMST1-2,D0045,PIC,R,40.5056,1.9896999999999991,-22.08277,0,motor,0.1257588638047934,0.7683718004983398,0.300431304769957,0.6432247303959886
D0045_RPI1-2,D0045,PIC,R,40.0178,14.57127,-28.23587,1,sustain,0.5178501636621904,0.2647739424215696,0.0,0.6616844020477536
D0045_RPI3-4,D0045,AIC,R,39.3312,16.250715,-17.61527,1,sustain,0.6623888220532613,0.3273021791402745,0.2710247795702361,0.5254069411679533
D0047_LI2-3,D0047,AIC,L,-35.5109,22.76459,-27.0626,0,motor,0.0532952067673527,0.7358594734151762,0.2070602941634118,0.7386553026853471
D0047_LI3-4,D0047,AIC,L,-35.4561,22.98152,-23.3366,0,motor,0.5492445745777049,0.6134090082172216,0.1718036550605649,0.4596692878694159
D0047_LI4-5,D0047,AIC,L,-35.452,23.14228,-19.320535,0,motor,0.3342580171280479,0.7168175824063611,0.27124569503248,0.5420903265731241
D0047_RI5-6,D0047,AIC,R,42.4818,21.98413,-22.14982,0,motor,0.2704251663238592,0.8684696363926614,0.004555274160394,0.7595168813707175
D0047_RI6-7,D0047,AIC,R,42.0929,22.60493,-17.68959,0,motor,0.1393649848812653,0.9297948190118231,0.0171472479442309,0.855922657815044
D0049_LAI1-2,D0049,PIC,L,-39.9923,18.60509,-27.32104,2,sensory,0.4958970803054919,0.0,0.6766021610420571,0.5770597857824119
D0049_LAI3-4,D0049,AIC,L,-40.8659,19.17244,-18.9172959,2,sensory,0.1897498298000702,0.3157523482250078,0.7341332970611868,0.5922170765644629
D0049_LPI1-2,D0049,PIC,L,-39.0452,10.67802,-20.77228,2,sensory,0.441909839796267,0.0,0.7021267802037789,0.6137275397738149
D0049_LPI2-3,D0049,PIC,L,-38.7761,10.00105,-16.16391,2,sensory,0.2940390253549084,0.1396489567797152,0.723596849948673,0.625253895919541
D0049_LPI3-4,D0049,PIC,L,-38.4445,9.40613,-11.57533,0,motor,0.3273717592778515,0.5576444320371959,0.4142843427736449,0.4291881804145631
D0049_LPI4-5,D0049,PIC,L,-38.0561,8.8351,-6.9597,0,motor,0.2500936549752062,0.6171819719612562,0.0339741595865279,0.6848067885179047
D0052_LI3-4,D0052,AIC,L,-34.6723,21.80863,-17.59196,0,motor,0.01237342898183,0.9317673432369832,0.0,0.9868945083763818
D0052_RI3-4,D0052,AIC,R,36.9775,21.08833,-15.93861,0,motor,0.0269647355136029,0.9544984338716248,0.0079407125934809,0.9647207285691296
D0052_RI4-5,D0052,AIC,R,36.2458,22.22088,-10.56953,0,motor,0.0,0.8892003842687621,0.0,1.0
D0053_LPI2-3,D0053,AIC,L,-31.9832,17.842641,-19.978166,0,motor,0.3139194919224971,0.7710138663312693,0.1391732456602615,0.6298584321545083
D0053_RPI1-2,D0053,AIC,R,38.5043,22.81013,-28.62495,1,sustain,0.7596395771821941,0.0037074968915382,0.3690742534579983,0.6708100233664213
D0053_RPI2-3,D0053,AIC,R,38.5342,21.86173,-23.85854,1,sustain,0.7709557023355755,0.0,0.3582601687279581,0.6827354468631968
D0053_RPI4-5,D0053,AIC,R,38.213,20.46246,-14.42014,1,sustain,0.6916713095871267,0.2716361609717182,0.1892691000398533,0.6001087712791547
D0054_RPI1-2,D0054,PIC,R,35.3997,4.949299999999999,-19.53644,0,motor,0.0769592951807005,0.8729712496218394,0.0320479452230697,0.8889922319979459
D0054_RPI2-3,D0054,PIC,R,35.5989,4.859299999999999,-15.74815,0,motor,0.0654695248499378,0.8652964474943502,0.0,0.9296605948270305
D0054_RPI3-4,D0054,PIC,R,36.1395,4.9144000000000005,-11.67502,0,motor,0.0209630561143475,0.6172496771129448,0.0,0.9671534975362488
D0055_RAI4-5,D0055,AIC,R,37.1702,32.6943,-25.80066,0,motor,0.1876338574919835,0.6774577106418965,0.1379343567996264,0.6754139587038163
D0055_RAI5-6,D0055,AIC,R,36.6666,33.856,-21.47504,1,sustain,0.6666812319883955,0.5465830437678976,0.1099251114834933,0.5038441499135002
D0055_RAI6-7,D0055,AIC,R,35.8947,35.2795,-17.56266,1,sustain,0.7324725895965027,0.424592234702814,0.1647949892030834,0.5541227459330524
D0055_RPI3-4,D0055,PIC,R,37.7303,15.3809,-33.7618,0,motor,0.1609356185235254,0.7308011700326076,0.3393022930394968,0.5936457915579485
D0055_RPI6-7,D0055,PIC,R,38.5318,12.11196,-18.525465,0,motor,0.4325286997249045,0.6873461589871331,0.0,0.6137705062667863
D0055_RPI8-9,D0055,AIC,R,38.6679,10.73327,-8.576,0,motor,0.176258262642526,0.8570473537772699,0.0,0.8294229124068571
D0057_RAI3-4,D0057,AIC,R,34.4705,29.9543,-20.7107,1,sustain,0.2072327607399439,0.8610579246144281,0.0,0.8060146329262423
D0057_RAI4-5,D0057,AIC,R,33.2449,30.9841,-16.29374,1,sustain,0.1103916718919547,0.8713165156485448,0.0,0.8875514401397405
D0057_RAI5-6,D0057,AIC,R,32.2074,32.33,-12.09998,1,sustain,0.0560257169270815,0.9300904457991644,0.0,0.9431854795157284
D0057_RPI2-3,D0057,PIC,R,35.7682,10.20814,-20.14288,0,motor,0.2793833713987171,0.7341125319380922,0.0889893627854275,0.6658706057090275
D0057_RPI5-6,D0057,AIC,R,35.3442,12.38171,-5.457800000000001,0,motor,0.1630273132504393,0.8755798879459669,0.0,0.8430327528418416
D0058_LPI5-6,D0058,AIC,L,-35.1749,12.63301,-6.7727,2,sensory,0.4037478576112754,0.4281208336938004,0.4434159782232214,0.3476996068550186
D0060_RI3-4,D0060,PIC,R,41.6042,11.51263,-23.55222,1,sustain,0.5686795956392453,0.1020229835278685,0.2939688679942043,0.5895059891247587
D0060_RI6-7,D0060,AIC,R,39.6781,12.65414,-8.3097,0,motor,0.2223020354259501,0.8256418345139878,0.2397493259394898,0.6411789991249562
D0061_LAI3-4,D0061,AIC,L,-33.1045,21.40907,-19.647531,0,motor,0.4007018661985812,0.6169475151937499,0.0,0.6062476197348565
D0061_LAI4-5,D0061,AIC,L,-32.4795,22.07169,-15.372,0,motor,0.3496645677456768,0.7639323186253703,0.0,0.6860043593645883
D0061_LPI5-6,D0061,AIC,L,-33.2542,13.45833,-14.44415,0,motor,0.1429248669599684,0.9137775986950556,0.0261736442198824,0.8438431602305962
D0061_LPI6-7,D0061,AIC,L,-32.723,13.15778,-10.71778,0,motor,0.0742764474352073,0.890168746913433,0.1236062446708769,0.8181311241273633
D0063_RAI4-5,D0063,AIC,R,37.1819,25.24715,-14.24681,0,motor,0.0,0.9413288917025846,0.0,1.0
D0064_LAI3-4,D0064,AIC,L,-30.8896,27.3233,-20.06354,0,motor,0.0,0.920991044885565,0.0,1.0
D0064_LAI4-5,D0064,AIC,L,-30.0138,30.1736,-17.22808,0,motor,0.2096389167708396,0.8185391979480192,0.074683080640045,0.7421960273809816
D0064_LAI5-6,D0064,AIC,L,-29.0569,32.904,-14.35502,1,sustain,0.7460153879924338,0.3367915877313243,0.16763659881571,0.5966006009245058
D0064_LAI6-7,D0064,AIC,L,-27.9066,35.486999999999995,-11.28872,1,sustain,0.7281877000283399,0.3093677572787509,0.2022744357163885,0.5873287167262629
D0065_RI5-6,D0065,AIC,R,36.3632,18.69534,-13.41727,0,motor,0.0,0.60225876803378,0.340354464249019,0.6389245847687111
D0067_LAI2-3,D0067,AIC,L,-31.0169,17.567331,-7.508100000000001,0,motor,0.2524834082895201,0.4386004107116284,0.1167862005556909,0.5429096266652209
D0068_LAI3-4,D0068,AIC,L,-32.076,18.90239,-13.07021,0,motor,0.0313068260947674,0.9661325013304368,0.0,0.9686128015670056
D0070_LIA1-2,D0070,AIC,L,-32.0287,21.43636,-20.64898,0,motor,0.123661225540498,0.5137922790863352,0.0280282379350682,0.772060668574305
D0070_LIA2-3,D0070,AIC,L,-31.0513,21.59719,-14.56309,0,motor,0.0,0.8390898301549254,0.0201468176696114,0.976552655522061
D0071_RIA2-3,D0071,AIC,R,38.345,25.462020000000003,-21.70099,0,motor,0.0701290656240607,0.8704050611588643,0.0198957493095276,0.9062661239778818
D0071_RIP1-2,D0071,PIC,R,41.3994,10.12422,-28.28763,2,sensory,0.2012005193975175,0.0612546883726582,0.6241899452252839,0.703990703740395
D0071_RIP2-3,D0071,PIC,R,40.978,10.57638,-22.78132,2,sensory,0.1699017924315053,0.3385718178955948,0.720588581235842,0.5862913904458344
D0071_RIP4-5,D0071,PIC,R,39.3244,12.22279,-12.39087,0,motor,0.179088529053041,0.7303377827324751,0.0069785445120139,0.7969597473361223
D0071_RIP5-6,D0071,PIC,R,38.7729,13.04927,-7.427799999999999,1,sustain,0.5229776868379142,0.3135612277848691,0.034068171579653,0.6007046061606599
D0071_RIP6-7,D0071,PIC,R,38.7559,13.65686,-2.735800000000001,0,motor,0.4173394439869239,0.5538074959872107,0.0,0.570261278897672
D0075_RAI4-5,D0075,AIC,R,38.1301,34.8536,-19.923815,0,motor,0.0,0.924729848316398,0.0212971312927239,0.9774878182633612
D0075_RAI5-6,D0075,AIC,R,36.8813,36.531400000000005,-16.279139999999998,0,motor,0.1604659453913306,0.9196656384015828,0.0,0.8514385211958623
D0075_RAI6-7,D0075,AIC,R,35.7283,38.0903,-12.69861,0,motor,0.3317512664731831,0.8199582964554774,0.0644817058773743,0.6742017620801133
D0079_LAI1-2,D0079,AIC,L,-30.6433,26.04074,-34.8076,1,sustain,0.6679481078686965,0.1337279336433174,0.2019604805017136,0.6655279010059385
D0079_LAI2-3,D0079,AIC,L,-30.5512,27.0007,-31.7225,1,sustain,0.5310349418444424,0.3919960809361408,0.0686334240116235,0.5354986190764539
D0079_LAI3-4,D0079,AIC,L,-30.5181,27.976,-28.6812,0,motor,0.18598318586138,0.8688323696462223,0.0,0.823681794518208
D0079_LAI7-8,D0079,AIC,L,-30.9222,30.5207,-15.72969,0,motor,0.2145039889295717,0.8774886085145748,0.0882577439551497,0.7434766826453366
D0079_LPI3-4,D0079,PIC,L,-34.8166,9.71489,-22.47031,0,motor,0.0038877840316783,0.8476918387254913,0.0675849817307462,0.9222416035022982
D0079_LPI4-5,D0079,PIC,L,-34.396,10.37638,-19.0399151,0,motor,0.0,0.8590702779500081,0.0534117008716271,0.9414654731695608
D0079_LPI5-6,D0079,PIC,L,-34.0289,10.5601,-15.6722,0,motor,0.4061144998089941,0.4874984834632939,0.3749373321843871,0.3842957409913974
D0079_LPI6-7,D0079,PIC,L,-33.782,10.2673,-12.35828,0,motor,0.2144529153456562,0.7586121908537231,0.0,0.7796109284164228
D0079_LPI7-8,D0079,PIC,L,-33.6723,9.98386,-9.09004,0,motor,0.3487625703038539,0.7793872677581377,0.1066401892953502,0.6311901217943567
D0079_LPI8-9,D0079,PIC,L,-33.8716,9.71915,-6.2012,0,motor,0.1241002907267846,0.8955736379262159,0.1069943376216274,0.7948867157565951
D0079_LPI9-10,D0079,PIC,L,-33.83,9.56461,-3.0921000000000003,0,motor,0.0121245553959612,0.9695836438142676,0.0,0.9876495323093816
D0080_LAI1-2,D0080,AIC,L,-32.4277,28.3399,-27.188090000000003,0,motor,0.1774943434396133,0.3043814166021036,0.0340297793770756,0.5899944725249757
D0080_LAI3-4,D0080,AIC,L,-31.7008,31.6694,-20.92599,0,motor,0.3184663309842461,0.3453294180255208,0.3310117819075322,0.3471318896300443
D0080_LAI4-5,D0080,AIC,L,-31.8866,33.1327,-18.032854,1,sustain,0.7132285513371909,0.3760307482379487,0.1925954333171171,0.5564035713531509
D0080_LPI1-2,D0080,PIC,L,-34.741,9.38358,-19.102047,2,sensory,0.0375239279612502,0.1300982293658938,0.6144026107869281,0.7856562040466045
D0081_LTAS3-4,D0081,PIC,L,-40.6824,16.553584999999998,-29.0221,2,sensory,0.099653544417947,0.2603678746738742,0.6866527382112542,0.6560329529684058
D0084_RAI1-2,D0084,AIC,R,40.736,30.6067,-27.18536,1,sustain,0.6222331313582584,0.3427782580764109,0.0527646632707255,0.6113654666016884
D0084_RAI2-3,D0084,AIC,R,40.3478,32.9551,-23.30965,0,motor,0.6042214655754256,0.6515920487055545,0.0,0.5188605165462211
D0084_RAI3-4,D0084,AIC,R,39.827,35.3126,-19.534187,0,motor,0.5315497015253015,0.7151099781756387,0.0,0.5736208444209776
D0084_RAI4-5,D0084,AIC,R,39.1538,37.7016,-15.80427,1,sustain,0.5656008537372058,0.6785075028236371,0.002231520785978,0.5444000590497257
D0084_RPI1-2,D0084,AIC,R,42.3639,17.705774,-16.83256,0,motor,0.2626290535307866,0.5175936140156212,0.2183743664898469,0.5183208004569635
D0085_RAI1-2,D0085,AIC,R,43.9391,15.28928,-16.25807,2,sensory,0.0751595824642086,0.1010706312542858,0.4234375973203987,0.7061202711328045
D0085_RAI2-3,D0085,AIC,R,43.2746,16.9174293,-11.76944,2,sensory,0.0752123882922325,0.0696291058524563,0.3898187864359081,0.7290962141653706
D0086_LTMM5-6,D0086,PIC,R,40.6108,9.00512,-21.03691,1,sustain,0.5324278210797669,0.2511448320022482,0.0782347823111204,0.617803698614977
D0086_RPI2-3,D0086,PIC,R,40.6285,9.39948,-20.38765,1,sustain,0.7177106632435811,0.1291851603671162,0.2966443642366482,0.627621723198582
D0086_RPI3-4,D0086,PIC,R,39.5281,9.67512,-15.35044,1,sustain,0.6293163821802662,0.4539268858753814,0.0608363655494619,0.5500634428717407
D0086_RTAM6-7,D0086,PIC,R,35.446,15.04583,-37.4561,1,sustain,0.4840508258328973,0.1627265917369015,0.0985816011940914,0.6494196939290429
D0086_RTMM6-7,D0086,PIC,L,-39.1782,7.99156,-23.76545,1,sustain,0.481198415820639,0.2829301383623371,0.4545110334367357,0.3948652421184938
D0086_RTPS4-9,D0086,PIC,L,-30.1658,-8.593800000000002,-11.05029,2,sensory,0.2419383959111614,0.4828899379930008,0.6686347061571916,0.4798366995996906
D0088_LAI1-2,D0088,AIC,L,-34.6157,28.3157,-30.4748,1,sustain,0.8060829051101663,0.2462227898239521,0.0161258470098701,0.7544544254501467
D0088_LAI2-3,D0088,AIC,L,-33.2937,29.8699,-26.63525,1,sustain,0.5051613105618603,0.3551213360908595,0.3299932958158112,0.4244068896445968
D0088_LAI4-5,D0088,AIC,L,-31.2988,33.3903,-17.9756,0,motor,0.5944800128779775,0.6537958407059566,0.0770939044748538,0.4932931634591868
D0088_LPI2-3,D0088,PIC,L,-35.3703,9.58453,-16.12413,0,motor,0.0359581080246915,0.9533234817697416,0.0251400037304909,0.939770493702842
D0088_LTAS1-2,D0088,PIC,L,-39.0084,14.80039,-36.618300000000005,1,sustain,0.6706382194077323,0.0,0.4507840316844353,0.598024712595625
D0090_RIA4-5,D0090,AIC,R,38.333,35.4837,-18.9384129,1,sustain,0.4983781410023816,0.7334009334426289,0.0,0.5953997341390699
D0090_RIP1-2,D0090,PIC,R,41.6773,14.51199,-29.381,2,sensory,0.0,0.0,0.7887350436520363,1.0
D0090_RIP2-3,D0090,PIC,R,41.6786,13.89265,-24.55174,2,sensory,0.3094714202488459,0.1656658832200388,0.4115671685105201,0.4641537079335712
D0090_RIP5-6,D0090,AIC,R,40.6423,12.34513,-10.45856,0,motor,0.0646069689896362,0.901133893196292,0.2593441524886513,0.7355684563945638
D0090_RIP6-7,D0090,AIC,R,40.4283,11.76924,-5.973699999999999,0,motor,0.0613649642124754,0.8828806186191247,0.3028186632038471,0.7079672289746884
D0091_LPI3-5,D0091,PIC,L,-31.4306,4.3858,-11.14735,0,motor,0.0639290678634881,0.843486282300689,0.0908092997258614,0.8449864290504195
D0091_LPI5-7,D0091,PIC,L,-31.8193,-0.1645000000000003,-3.7857,0,motor,0.1321104177515262,0.7091981407349304,0.3640182148394846,0.5883866155050975
D0092_LIA2-3,D0092,AIC,L,-33.0405,32.774100000000004,-21.89669,0,motor,0.2486907701144111,0.6465822545533664,0.0659549961281293,0.6726627195262052
D0092_LIA3-4,D0092,AIC,L,-31.9552,34.690200000000004,-18.707011,1,sustain,0.7240654372394167,0.5064336175480869,0.0127656076715095,0.5823904266749697
D0092_LIA4-5,D0092,AIC,L,-30.6754,36.7144,-15.34716,1,sustain,0.8122413566253566,0.3746955737676863,0.0753610822165227,0.6434624379596378
D0092_RIA2-3,D0092,AIC,R,40.77,26.46359,-22.62223,0,motor,0.3401547061765133,0.451349880273111,0.2695826760279826,0.4253654682643373
D0092_RIA3-4,D0092,AIC,R,39.1966,27.976,-19.363444,1,sustain,0.3996883547537919,0.2643216855906894,0.3130997893443419,0.4090516159079878
D0092_RIA4-5,D0092,AIC,R,37.6692,29.7366,-15.85573,0,motor,0.0928386956312129,0.9103809312927924,0.0203465389270607,0.8894206956673255
D0093_LIA2-3,D0093,AIC,L,-32.2174,27.5361,-24.70691,1,sustain,0.5430162530991799,0.2299547116325377,0.148370327807644,0.5893757910302073
D0093_LIA4-5,D0093,AIC,L,-29.5429,30.3736,-16.43053,0,motor,0.275524118820874,0.7276041514084808,0.0,0.7253351071863638
D0093_LIA5-6,D0093,AIC,L,-27.9896,31.9396,-12.30166,0,motor,0.3893662017981157,0.7653550454967493,0.0310483644501813,0.6454500418259236
D0094_LFAI2-3,D0094,AIC,L,-33.3742,19.8315,-15.55617,0,motor,0.0657641619255094,0.9485424704638504,0.0,0.9351634310321018
D0094_LIA1-2,D0094,AIC,L,-34.3459,35.9822,-25.91194,1,sustain,0.6131236423451044,0.5749612977831344,0.0,0.516060444532632
D0094_LIA2-3,D0094,AIC,L,-33.5776,38.3835,-22.39871,1,sustain,0.7956459991263625,0.443790100060078,0.0,0.6419419279853318
D0094_LIA3-4,D0094,AIC,L,-31.982,40.3868,-18.631132,1,sustain,0.6660740425823063,0.2536890510340392,0.3752297441559153,0.5143457347054787
D0095_RIA1-2,D0095,AIC,R,43.851,31.2383,-27.63387,0,motor,0.4107681763440494,0.63959714784373,0.1436683413083263,0.5356608999612967
D0095_RIA2-3,D0095,AIC,R,42.3384,32.2798,-23.17269,0,motor,0.5266834121738071,0.6339039705999263,0.1218155648435543,0.4943095083941624
D0095_RPI1-2,D0095,PIC,R,41.7109,8.16521,-18.736555,0,motor,0.3054671619449515,0.5738451634179457,0.1137568750937359,0.5778501268129956
D0096_LFAI1-2,D0096,AIC,L,-31.3789,25.09168,-11.90803,0,motor,0.2891206143586239,0.8899694102951273,0.0364105971987277,0.7321834265611258
D0096_LFMI2-3,D0096,PIC,L,-38.5706,1.8437,-7.649699999999999,0,motor,0.0,0.9054181611474208,0.2584406902608307,0.7779449888204902
D0096_LIA1-2,D0096,AIC,L,-37.1758,32.1983,-30.6619,0,motor,0.1493031204646437,0.4277436130155118,0.0400658978981257,0.6931370243713436
D0096_LIP5-6,D0096,AIC,L,-36.1858,15.86442,-8.4856,0,motor,0.0,0.9317718799486128,0.0249954312676752,0.9738751199224188
D0096_LTAS2-3,D0096,PIC,L,-38.3009,10.36293,-32.0576,2,sensory,0.395866339362677,0.0,0.6956881375878613,0.6373370750412717
D0102_RFAI1-2,D0102,AIC,R,36.1088,28.4069,-15.73643,1,sustain,0.0173827926117149,0.9745037085038184,0.0,0.9824750184701928
D0102_RFPI1-2,D0102,PIC,R,35.4101,7.46857,-11.12907,0,motor,0.2848707086064755,0.6986073822823221,0.2448448010413105,0.568748972173412
D0102_RTAS1-2,D0102,PIC,R,37.3207,12.03265,-24.47297,0,motor,0.1142681551250095,0.862386693636029,0.1752184420525608,0.7486819084301382
D0102_RTAS2-3,D0102,PIC,R,41.6948,12.46853,-24.11007,0,motor,0.1647264252746938,0.7320505359579144,0.3219297209826175,0.6006781998005267
D0103_LAI1-2,D0103,AIC,L,-34.0117,29.2307,-30.7296,2,sensory,0.2075197911047014,0.0165497287389418,0.3744904445653364,0.625652343679734
D0103_LAI3-4,D0103,AIC,L,-33.0127,33.165800000000004,-25.49884,1,sustain,0.7537355197472618,0.3135043065245594,0.1979330992642534,0.5957569155440879
D0103_LAI4-5,D0103,AIC,L,-32.947,35.3128,-22.67436,1,sustain,0.7198123617865312,0.4537589571767572,0.122601321181578,0.5553367965752476
D0103_LAI5-6,D0103,AIC,L,-32.7608,37.1779,-19.596628,1,sustain,0.9147151736635756,0.0,0.0,1.0
D0103_LPI1-2,D0103,PIC,L,-34.3414,11.74947,-21.01723,1,sustain,0.4935450043427116,0.4642370044115567,0.238227245401902,0.4126598541170371
D0103_LPI3-4,D0103,AIC,L,-33.3321,13.77814,-14.68904,0,motor,0.1253897291293061,0.8535843444709492,0.0292989949292214,0.8465805257655702
D0103_LPI6-7,D0103,AIC,L,-31.4324,15.58995,-5.6486,0,motor,0.2801849753629413,0.8284166480199547,0.102812398667698,0.6838427102054431
D0103_LTMS1-2,D0103,PIC,L,-37.2971,1.8588000000000005,-20.04329,2,sensory,0.0,0.2243917138315912,0.8258558286456028,0.7863439762950325
D0105_LIA2-3,D0105,AIC,L,-35.581,31.2876,-24.18148,0,motor,0.323857845829178,0.6088744591128784,0.041192913764788,0.6251757808688104
D0105_LIA3-4,D0105,AIC,L,-35.2538,32.1159,-20.44621,0,motor,0.3580698853554148,0.4924479841676358,0.1083434158461655,0.5135758338371283
D0105_LIA4-5,D0105,AIC,L,-34.9096,32.8903,-16.43152,1,sustain,0.7763276219579852,0.19795601487019,0.1421922626349435,0.6953375548288135
D0107_RFAI1-2,D0107,AIC,R,42.3545,17.702045,-13.20863,1,sustain,0.5567349114246621,0.2730098202285853,0.3091837441989167,0.4888234188789636
D0107_RIA1-2,D0107,AIC,R,40.7406,25.81543,-31.032400000000003,0,motor,0.1700444688255117,0.2645087698617884,0.0305632553040134,0.5686935924201569
D0107_RIA2-3,D0107,AIC,R,40.7427,27.2144,-26.7287,0,motor,0.0,0.7047241237104593,0.1624476517328519,0.8126695813527761
D0107_RIA3-4,D0107,AIC,R,40.0277,28.4382,-21.23567,0,motor,0.0,0.6510144800357988,0.1060127978714191,0.8599617200525606
D0107_RIA4-5,D0107,AIC,R,39.5491,29.3358,-18.471182,0,motor,0.0,0.8000486931338535,0.0301093016322932,0.9637306370328036
D0107_RIA5-6,D0107,AIC,R,38.9203,30.1822,-15.70947,0,motor,0.0,0.7097437729365074,0.0327260474559359,0.9559227236487025
D0107_RTAS1-2,D0107,PIC,R,39.4586,0.2286999999999999,-16.52134,2,sensory,0.0,0.4579795374353588,0.820359076910064,0.6417384781340829
D0108_LFAI1-2,D0108,AIC,L,-36.0895,17.536875,-12.82916,0,motor,0.0,0.6475352778853263,0.0766738015560474,0.8941275334255813
D0115_LIA2-3,D0115,AIC,L,-34.3777,32.808,-25.91794,1,sustain,0.5965261140868204,0.1927992265229473,0.0251057977705689,0.7324451214784529
D0115_LIA4-5,D0115,AIC,L,-33.4849,34.161500000000004,-17.75773,1,sustain,0.7258661879181659,0.0876894256753169,0.4257754949298307,0.5856918969645241
D0115_LTAS2-3,D0115,PIC,L,-40.4797,15.96027,-29.5153,2,sensory,0.3642444732577766,0.0,0.7686406880358907,0.6784806742089926
D0115_LTMS1-2,D0115,PIC,L,-37.0323,0.4054999999999999,-20.90855,2,sensory,0.0,0.0104503999675372,0.9153308802313772,0.9887118046226946
D0118_LFMI1-2,D0118,AIC,L,-28.3608,33.0854,-15.13078,0,motor,0.2635344124252623,0.2915916126087516,0.1963902543570358,0.3880043860726835
D0118_LFMI2-3,D0118,AIC,L,-31.9551,33.3754,-15.06229,0,motor,0.4421548755491985,0.6823216765762204,0.0007341102679957,0.6063946062552115
D0118_LIA4-5,D0118,AIC,L,-28.688,33.548,-24.17857,1,sustain,0.6504724614507784,0.3824157552810538,0.2581387472912866,0.5038411122133079
D0118_LIA5-6,D0118,AIC,L,-28.6062,37.4235,-17.63681,0,motor,0.3969474301569105,0.6680343534735556,0.1505725586674758,0.5495717716829275
D0118_LPAI1-2,D0118,PIC,L,-30.1839,6.2729,-4.135,0,motor,0.0613833185727787,0.8187795233907248,0.1010914602457698,0.8344213335393892
D0118_RTAS2-3,D0118,PIC,R,41.8504,5.4011,-19.244579,2,sensory,0.26281434271531,0.0239976408560196,0.681860412458485,0.7039122981651458
D0119_RIA3-4,D0119,AIC,R,37.5074,32.458600000000004,-20.30339,1,sustain,0.5541051981061091,0.4980383626214069,0.1475112752211042,0.461887187465846
D0119_RIA4-5,D0119,AIC,R,36.6819,34.096900000000005,-16.80186,0,motor,0.5786053283895858,0.590241779575959,0.0712804374994163,0.4759524790288079
D0119_RIP1-2,D0119,PIC,R,40.2653,3.3566000000000003,-8.1265,2,sensory,0.089173792622963,0.3703078005158797,0.5104745954493832,0.5262862399923243
D0119_RIP2-3,D0119,PIC,R,39.9717,3.0502,-4.6935,0,motor,0.0280371892982133,0.7547189037670045,0.4472006322382753,0.6136141932804805
D0119_RIP3-4,D0119,PIC,R,39.728,2.2880000000000003,-1.5274,0,motor,0.0,0.9324400455081284,0.1634874199232163,0.8508227733311989
D0123_LAI1-2,D0123,AIC,L,-32.1214,28.0952,-31.5297,1,sustain,0.3438032188463419,0.208725776009897,0.283314673751064,0.4113247868697656
D0123_LAI6-7,D0123,AIC,L,-26.9622,38.4991,-10.7734,1,sustain,0.4663381301940119,0.352967174917989,0.4061331931097552,0.3805479678259814
D0123_LTAS1-2,D0123,PIC,L,-36.9822,18.12062,-28.25126,1,sustain,0.5596731290863638,0.0,0.3537173427379883,0.6127424648611735
D0125_LIA1-2,D0125,AIC,L,-34.167,27.3555,-30.2069,1,sustain,0.5434731630079209,0.0408954825828897,0.3610253874403792,0.5748641772842572
D0125_LIA3-4,D0125,AIC,L,-35.3807,31.0007,-23.68405,0,motor,0.2376659695468004,0.617102699359636,0.0022088314304858,0.7200920667310646
D0125_LIA5-6,D0125,AIC,L,-36.0095,33.9215,-17.23237,0,motor,0.23837120651391,0.5668728161424195,0.0428081810920881,0.6684409445984854
D0125_LTAS1-2,D0125,AIC,L,-38.2572,23.89795,-23.10198,0,motor,0.1541690707001468,0.7567002392581571,0.0909760453759808,0.7553064305076003
D0125_LTAS2-3,D0125,AIC,L,-41.2634,23.86165,-23.34811,0,motor,0.2908977149656019,0.4985680434360832,0.2708200172527624,0.470220439511554
D0125_LTMS1-2,D0125,PIC,L,-31.939,-1.1550000000000011,-12.90859,2,sensory,0.0383049178885852,0.422813672946326,0.7881156212820233,0.6308789926161994
D0125_LTMS2-3,D0125,PIC,L,-35.4938,-0.9426999999999984,-13.47316,2,sensory,0.0,0.4129560784379415,0.7993124503553586,0.659352636293379
D0125_LTMS3-4,D0125,PIC,L,-38.8777,-0.4873000000000012,-14.0807,2,sensory,0.0393435595115097,0.428452717175207,0.799885819063325,0.6309829741580923
D0128_RFAI1-2,D0128,AIC,R,37.2227,28.5863,-18.043173,0,motor,0.0904563634629015,0.8000931026495229,0.1534997486512309,0.7663365781378825
D0128_RTMS1-2,D0128,PIC,R,36.4731,9.26741,-26.2595,1,sustain,0.6362305882881611,0.1075170900229672,0.3602181020585781,0.5763136861679664
D0128_RTMS2-3,D0128,PIC,R,41.2192,9.64939,-25.75779,2,sensory,0.5604788863290652,0.0360127236945697,0.5691008915374638,0.488250302550211
D0129_LAI1-2,D0129,AIC,L,-34.4002,24.24272,-25.42748,1,sustain,0.5878577694015624,0.0,0.2512037170062743,0.7006134579222321
D0129_LAI4-5,D0129,AIC,L,-33.0863,24.11765,-12.82081,0,motor,0.0916062651532724,0.8439697182468283,0.0,0.9020857025205437
D0129_LFAI1-2,D0129,AIC,L,-29.3509,38.0613,-18.740949,1,sustain,0.7766273413889636,0.0470883465900908,0.4013226442634046,0.6339616654830144
D0129_LFAI2-3,D0129,AIC,L,-33.3169,38.0973,-18.658951,2,sensory,0.5910032968418174,0.0,0.6012838911870279,0.5043112911253399
D0129_LTAS2-3,D0129,AIC,L,-37.1775,28.3354,-30.6638,1,sustain,0.5346128990611939,0.0,0.0541608633222146,0.9080107389586
D0129_LTMS2-3,D0129,PIC,L,-40.5504,16.794822,-21.62945,0,motor,0.2057295476400669,0.5682610987472968,0.3930047545682282,0.4869437345528331
D0131_LIA1-2,D0131,AIC,L,-35.3696,24.42101,-27.53766,1,sustain,0.4899244748034844,0.3052264081542056,0.2910996505032699,0.4510234607135338
D0131_LIA2-3,D0131,AIC,L,-34.5102,25.05525,-22.82062,1,sustain,0.574110950455012,0.3312767427135887,0.3312575021930024,0.4642487211436084
D0131_LIA3-4,D0131,AIC,L,-33.5108,25.695970000000003,-18.357728,0,motor,0.2702348521107337,0.4954007529929444,0.4463965760195972,0.4087356430864911
D0131_LIA4-5,D0131,AIC,L,-32.3683,26.50404,-13.73885,0,motor,0.246244880956417,0.7245912081376071,0.282063583580617,0.5783313891293291
D0131_RFAI3-4,D0131,AIC,R,41.7439,35.2033,-20.15564,1,sustain,0.570195379329029,0.5086069703628616,0.1024166050084483,0.4827177696904472
D0131_RIA1-2,D0131,AIC,R,42.1191,24.03771,-24.5082,1,sustain,0.5885756509002442,0.1529016320472579,0.1276702753462336,0.6771872569667049
D0131_RTAS2-3,D0131,AIC,R,41.0662,32.4704,-32.9147,1,sustain,0.8246880769924132,0.2365844044975569,0.0543630773395889,0.7392092072232028
D0132_LFPI1-2,D0132,PIC,L,-35.97,3.4237,-4.616099999999999,0,motor,0.0,0.7572997379792938,0.3619498096938732,0.6766138432252765
D0132_LPPI8-9,D0132,PIC,L,-33.5556,-7.645299999999999,-16.23009,0,motor,0.0,0.642300501494827,0.6123254053680881,0.5119458302123256
D0132_LTAS2-3,D0132,AIC,L,-37.2617,21.61968,-26.52212,2,sensory,0.0,0.4134870962043582,0.7996755436962332,0.6591659826927739
D0132_LTAS3-4,D0132,AIC,L,-41.4993,21.78268,-26.4627,2,sensory,0.4237939015482829,0.3213508201671697,0.5420767028845712,0.4211215665968345
D0132_LTMS3-4,D0132,PIC,L,-42.3425,8.6678,-18.128446,2,sensory,0.0,0.3523113625281334,0.8590547798568231,0.7091619534334208
D0134_LINS1-3,D0134,AIC,L,-37.5916,21.87712,-20.98706,0,motor,0.2740719913318412,0.7162688674838112,0.3432497817544045,0.5370980012109524
D0134_LINS3-6,D0134,AIC,L,-36.7043,22.49923,-11.93574,0,motor,0.4015405245910642,0.7087965758693753,0.0,0.6383616070970234
D0134_RINS1-6,D0134,AIC,R,43.056,21.5211,-14.12119,1,sustain,0.5370808635992108,0.4263863015492692,0.088308158062867,0.5106421987153696
D0137_LAI1-2,D0137,AIC,L,-32.83,27.8781,-30.5931,1,sustain,0.7361870389469098,0.015822446812498,0.1289036636168163,0.8357089906856365
D0137_LAI2-3,D0137,AIC,L,-32.9103,29.5693,-27.36501,1,sustain,0.7184474420808106,0.0918007575164007,0.2228511641777734,0.6954291787147908
D0137_LAI3-4,D0137,AIC,L,-33.0831,31.3525,-24.13193,1,sustain,0.6589796710944745,0.2374885791104213,0.2931031469774083,0.5539639509283565
D0137_LAI4-5,D0137,AIC,L,-33.2477,33.1235,-20.87801,1,sustain,0.6096215665987259,0.1729935908688011,0.101417996536246,0.6895912939890986
D0137_LAI5-6,D0137,AIC,L,-33.2632,34.6393,-17.44638,1,sustain,0.8231766206043243,0.1887574082719458,0.1411272130819612,0.7139053769653487
D0137_LAI6-7,D0137,AIC,L,-33.2698,35.9376,-13.6959,1,sustain,0.6838511977829753,0.2788732940700835,0.3562452405568743,0.518473760981223
D0137_LPAI1-2,D0137,PIC,L,-34.2357,2.286199999999999,-7.3421,0,motor,0.0,0.7675473607369168,0.333218482654054,0.69728486339333
D0137_LPAI2-3,D0137,PIC,L,-38.1894,2.8690999999999995,-7.3506,0,motor,0.0,0.9565418385173567,0.0320152407904003,0.9676141707337536
D0137_LPI1-2,D0137,PIC,L,-32.5214,11.69799,-24.04182,2,sensory,0.447971016066803,0.1641556604092537,0.5612576047219217,0.4783237799545943
D0137_LPI2-3,D0137,PIC,L,-32.211,11.09272,-19.685787,2,sensory,0.2311150698420388,0.4146944638896663,0.5288761822636923,0.4502278141822272
D0137_LTMS1-2,D0137,AIC,L,-37.2343,19.61047,-24.2505,1,sustain,0.5755721987086505,0.2986565932292342,0.1399028129764167,0.5675517811687655
D0137_LTMS2-3,D0137,AIC,L,-40.5796,19.97765,-24.66938,1,sustain,0.6079184806926253,0.1474874043720817,0.0925345270617427,0.7169353789473228
D0138_LAI2-3,D0138,AIC,L,-30.6943,30.2202,-18.752987,0,motor,0.1762549322995127,0.8212012468792601,0.0,0.8232955632751434
D0138_LAI3-4,D0138,AIC,L,-29.7679,33.147,-14.73358,1,sustain,0.8285182785214092,0.2502721361422018,0.0767695790584227,0.7169842180610368
D0138_LAI4-5,D0138,AIC,L,-28.8217,35.8301,-10.81006,1,sustain,0.879692492078469,0.2328505459732069,0.0652841000298614,0.7468774182868001
D0138_LTAS2-3,D0138,AIC,L,-34.3495,30.1791,-30.2132,0,motor,0.214800773449609,0.5196000467035266,0.1567193872909555,0.5830863696760308
D0139_LFAI1-2,D0139,AIC,L,-31.6108,24.40478,-16.81526,0,motor,0.1770408996631323,0.9169408355516664,0.0991855073782689,0.768493135596743
D0139_LIA1-2,D0139,PIC,L,-35.4054,16.728652,-28.54747,0,motor,0.4455176456130452,0.5081098909570962,0.3270106832288907,0.3967630226097991
D0139_LIA4-5,D0139,AIC,L,-33.8461,17.72965,-10.63781,0,motor,0.0826490615957119,0.8267984650058625,0.0457116854328313,0.8656132449844187
D0139_LTAS1-2,D0139,AIC,L,-31.855400000000003,29.3573,-28.58371,2,sensory,0.4487236595522701,0.0,0.5194707892882927,0.536535599755165
D0139_LTAS3-4,D0139,AIC,L,-39.8579,28.717,-29.0809,2,sensory,0.1564668002226627,0.1716325167740754,0.6267965219257694,0.6564030299189896
D0140_LAI2-3,D0140,AIC,L,-34.0232,33.0058,-23.66511,1,sustain,0.8287586974265398,0.0,0.0200953635243931,0.9763264800761144
D0140_LFAI1-2,D0140,AIC,L,-34.3324,12.79645,-6.461399999999999,1,sustain,0.90201952352849,0.0,0.0188291607683616,0.9795523834811802
D0143_RFAI1-2,D0143,AIC,R,37.5223,21.07635,-11.56286,1,sustain,0.5658389446576869,0.1695010609979491,0.5497971942854903,0.4402945807526298
D0143_RPAI1-2,D0143,PIC,R,38.9121,1.9464000000000008,-3.3485,2,sensory,0.5275278073057292,0.1000267612751853,0.6373898315383115,0.5038876265851961
D0143_RTAS1-2,D0143,AIC,R,38.8832,25.49188,-31.4797,0,motor,0.0,0.7658890025038472,0.0145286025464804,0.9813835535584268
D0143_RTMS1-2,D0143,PIC,R,39.8843,8.64232,-19.235823,2,sensory,0.1243872678398944,0.3688218005615187,0.5659533132411837,0.5343404590743468
D0143_RTMS2-3,D0143,PIC,R,44.6598,9.84415,-20.52414,2,sensory,0.0277891702686127,0.0384302869382228,0.917526787725151,0.9326864447534297
