path,symbol,kind,line,end_line
/hpc/group/coganlab/nanlinshi/insula/src/decoding/run_decoding.py,load_roi_data,FunctionDef,51,134
/hpc/group/coganlab/nanlinshi/insula/src/decoding/run_decoding.py,main,FunctionDef,137,284
/hpc/group/coganlab/nanlinshi/insula-functional/scripts/plot_nmf_concat_phases.py,concat_dirs,FunctionDef,60,73
/hpc/group/coganlab/nanlinshi/insula-functional/scripts/plot_nmf_concat_phases.py,hemi_scope_label,FunctionDef,76,79
/hpc/group/coganlab/nanlinshi/insula-functional/scripts/plot_nmf_concat_phases.py,windows_label,FunctionDef,82,83
/hpc/group/coganlab/nanlinshi/insula-functional/scripts/plot_nmf_concat_phases.py,stimulus_only_reference,FunctionDef,86,91
/hpc/group/coganlab/nanlinshi/insula-functional/scripts/plot_nmf_concat_phases.py,write_h_long,FunctionDef,94,112
/hpc/group/coganlab/nanlinshi/insula-functional/scripts/plot_nmf_concat_phases.py,plot_h_overview,FunctionDef,115,160
/hpc/group/coganlab/nanlinshi/insula-functional/scripts/plot_nmf_concat_phases.py,run_for_k,FunctionDef,163,302
/hpc/group/coganlab/nanlinshi/insula-functional/scripts/plot_nmf_concat_phases.py,parse_args,FunctionDef,305,358
/hpc/group/coganlab/nanlinshi/insula-functional/scripts/plot_nmf_concat_phases.py,_load_exclude_channels,FunctionDef,361,372
/hpc/group/coganlab/nanlinshi/insula-functional/scripts/plot_nmf_concat_phases.py,run_hemi_scope,FunctionDef,375,444
/hpc/group/coganlab/nanlinshi/insula-functional/scripts/plot_nmf_concat_phases.py,main,FunctionDef,447,501
/hpc/group/coganlab/nanlinshi/insula-functional/src/decoding/decoder.py,load_roi_data,FunctionDef,84,154
/hpc/group/coganlab/nanlinshi/insula-functional/src/decoding/decoder.py,get_cv_predict,FunctionDef,157,215
/hpc/group/coganlab/nanlinshi/insula-functional/src/decoding/decoder.py,get_cv_score,FunctionDef,217,240
/hpc/group/coganlab/nanlinshi/insula-functional/src/decoding/decoder.py,decode_cv_scores,FunctionDef,243,279
/hpc/group/coganlab/nanlinshi/insula-functional/src/decoding/decoder.py,decode_permutation_scores,FunctionDef,282,347
/hpc/group/coganlab/nanlinshi/insula-functional/src/decoding/decoder.py,sample_fold,FunctionDef,350,390
/hpc/group/coganlab/nanlinshi/insula-functional/src/decoding/decoder.py,_decision_values,FunctionDef,393,409
/hpc/group/coganlab/nanlinshi/insula-functional/src/decoding/decoder.py,_group_label_table,FunctionDef,412,424
/hpc/group/coganlab/nanlinshi/insula-functional/src/decoding/decoder.py,decode_permutation_auc_pooled,FunctionDef,427,603
/hpc/group/coganlab/nanlinshi/insula-functional/src/decoding/decoder.py,decode_cross_permutation_auc_pooled,FunctionDef,606,787
/hpc/group/coganlab/nanlinshi/insula-functional/src/decoding/decoder.py,generalized_permutation_scores,FunctionDef,790,950
/hpc/group/coganlab/nanlinshi/insula-functional/src/decoding/decoder.py,main,FunctionDef,952,993
/hpc/group/coganlab/nanlinshi/insula-functional/src/decoding/decoder.py,one_fold,FunctionDef,188,204
/hpc/group/coganlab/nanlinshi/insula-functional/src/decoding/decoder.py,one_fold,FunctionDef,261,271
/hpc/group/coganlab/nanlinshi/insula-functional/src/decoding/decoder.py,pooled_auc,FunctionDef,533,553
/hpc/group/coganlab/nanlinshi/insula-functional/src/decoding/decoder.py,one_batch,FunctionDef,583,584
/hpc/group/coganlab/nanlinshi/insula-functional/src/decoding/decoder.py,pooled_auc_map,FunctionDef,706,729
/hpc/group/coganlab/nanlinshi/insula-functional/src/decoding/decoder.py,one_batch,FunctionDef,759,760
/hpc/group/coganlab/nanlinshi/insula-functional/src/decoding/decoder.py,one_perm,FunctionDef,322,328
/hpc/group/coganlab/nanlinshi/insula-functional/src/decoding/decoder.py,draw,FunctionDef,562,565
/hpc/group/coganlab/nanlinshi/insula-functional/src/decoding/decoder.py,draw,FunctionDef,567,570
/hpc/group/coganlab/nanlinshi/insula-functional/src/decoding/decoder.py,draw,FunctionDef,738,741
/hpc/group/coganlab/nanlinshi/insula-functional/src/decoding/decoder.py,draw,FunctionDef,743,746
/hpc/group/coganlab/nanlinshi/insula-functional/src/decoding/decoder.py,one_perm,FunctionDef,928,933
/hpc/group/coganlab/nanlinshi/insula-functional/src/decoding/pooled_io.py,load_pooled_roi,FunctionDef,18,87
/hpc/group/coganlab/nanlinshi/insula-functional/src/decoding/pooled_io.py,_decode_str_array,FunctionDef,90,97
/hpc/group/coganlab/nanlinshi/insula-functional/src/decoding/pooled_io.py,pair_keys,FunctionDef,100,114
/hpc/group/coganlab/nanlinshi/insula-functional/src/decoding/pooled_io.py,pair_pooled_conditions,FunctionDef,117,177
/hpc/group/coganlab/nanlinshi/insula-functional/src/decoding/prepare_functional_decoding_dataset.py,PreparedFeature,ClassDef,102,108
/hpc/group/coganlab/nanlinshi/insula-functional/src/decoding/prepare_functional_decoding_dataset.py,normalize_subject,FunctionDef,111,113
/hpc/group/coganlab/nanlinshi/insula-functional/src/decoding/prepare_functional_decoding_dataset.py,file_sha256,FunctionDef,116,121
/hpc/group/coganlab/nanlinshi/insula-functional/src/decoding/prepare_functional_decoding_dataset.py,load_assignments,FunctionDef,124,161
/hpc/group/coganlab/nanlinshi/insula-functional/src/decoding/prepare_functional_decoding_dataset.py,significance_union,FunctionDef,164,175
/hpc/group/coganlab/nanlinshi/insula-functional/src/decoding/prepare_functional_decoding_dataset.py,select_assigned_channels,FunctionDef,178,191
/hpc/group/coganlab/nanlinshi/insula-functional/src/decoding/prepare_functional_decoding_dataset.py,_epoch_index,FunctionDef,194,222
/hpc/group/coganlab/nanlinshi/insula-functional/src/decoding/prepare_functional_decoding_dataset.py,_read_sig_channels,FunctionDef,225,235
/hpc/group/coganlab/nanlinshi/insula-functional/src/decoding/prepare_functional_decoding_dataset.py,_trial_ids,FunctionDef,238,247
/hpc/group/coganlab/nanlinshi/insula-functional/src/decoding/prepare_functional_decoding_dataset.py,_lexical_frame,FunctionDef,250,261
/hpc/group/coganlab/nanlinshi/insula-functional/src/decoding/prepare_functional_decoding_dataset.py,compute_rt_by_syllable,FunctionDef,265,300
/hpc/group/coganlab/nanlinshi/insula-functional/src/decoding/prepare_functional_decoding_dataset.py,_phoneme_sequence_frame,FunctionDef,303,340
/hpc/group/coganlab/nanlinshi/insula-functional/src/decoding/prepare_functional_decoding_dataset.py,_channel_qc,FunctionDef,343,352
/hpc/group/coganlab/nanlinshi/insula-functional/src/decoding/prepare_functional_decoding_dataset.py,_drop_bad_trials,FunctionDef,355,359
/hpc/group/coganlab/nanlinshi/insula-functional/src/decoding/prepare_functional_decoding_dataset.py,symmetric_condition_qc,FunctionDef,362,453
/hpc/group/coganlab/nanlinshi/insula-functional/src/decoding/prepare_functional_decoding_dataset.py,single_condition_qc,FunctionDef,456,494
/hpc/group/coganlab/nanlinshi/insula-functional/src/decoding/prepare_functional_decoding_dataset.py,_word_to_phonemes,FunctionDef,498,509
/hpc/group/coganlab/nanlinshi/insula-functional/src/decoding/prepare_functional_decoding_dataset.py,lexical_phoneme,FunctionDef,512,515
/hpc/group/coganlab/nanlinshi/insula-functional/src/decoding/prepare_functional_decoding_dataset.py,lexical_articulator,FunctionDef,518,520
/hpc/group/coganlab/nanlinshi/insula-functional/src/decoding/prepare_functional_decoding_dataset.py,sequence_phoneme,FunctionDef,523,527
/hpc/group/coganlab/nanlinshi/insula-functional/src/decoding/prepare_functional_decoding_dataset.py,sequence_articulator,FunctionDef,530,540
/hpc/group/coganlab/nanlinshi/insula-functional/src/decoding/prepare_functional_decoding_dataset.py,prepare_feature,FunctionDef,543,589
/hpc/group/coganlab/nanlinshi/insula-functional/src/decoding/prepare_functional_decoding_dataset.py,pair_cross_conditions,FunctionDef,592,634
/hpc/group/coganlab/nanlinshi/insula-functional/src/decoding/prepare_functional_decoding_dataset.py,_output_path,FunctionDef,637,658
/hpc/group/coganlab/nanlinshi/insula-functional/src/decoding/prepare_functional_decoding_dataset.py,_atomic_write_h5,FunctionDef,661,714
/hpc/group/coganlab/nanlinshi/insula-functional/src/decoding/prepare_functional_decoding_dataset.py,_manifest_record,FunctionDef,717,757
/hpc/group/coganlab/nanlinshi/insula-functional/src/decoding/prepare_functional_decoding_dataset.py,_process_phase_group,FunctionDef,760,1029
/hpc/group/coganlab/nanlinshi/insula-functional/src/decoding/prepare_functional_decoding_dataset.py,run,FunctionDef,1032,1164
/hpc/group/coganlab/nanlinshi/insula-functional/src/decoding/prepare_functional_decoding_dataset.py,parse_args,FunctionDef,1167,1186
/hpc/group/coganlab/nanlinshi/insula-functional/src/decoding/prepare_functional_decoding_dataset.py,main,FunctionDef,1189,1195
/hpc/group/coganlab/nanlinshi/insula-functional/src/decoding/prepare_functional_decoding_dataset.py,lookup_rt,FunctionDef,330,333
/hpc/group/coganlab/nanlinshi/insula-functional/src/decoding/run_cross_condition_resolved_lda.py,window_slices,FunctionDef,53,68
/hpc/group/coganlab/nanlinshi/insula-functional/src/decoding/run_cross_condition_resolved_lda.py,cluster_correction_2d,FunctionDef,71,119
/hpc/group/coganlab/nanlinshi/insula-functional/src/decoding/run_cross_condition_resolved_lda.py,main,FunctionDef,122,295
/hpc/group/coganlab/nanlinshi/insula-functional/src/decoding/run_cross_condition_resolved_lda.py,masses,FunctionDef,93,99
/hpc/group/coganlab/nanlinshi/insula-functional/src/decoding/run_decoding.py,load_roi_data,FunctionDef,62,145
/hpc/group/coganlab/nanlinshi/insula-functional/src/decoding/run_decoding.py,main,FunctionDef,148,326
/hpc/group/coganlab/nanlinshi/insula-functional/src/decoding/run_decoding_resolved.py,cluster_correction,FunctionDef,44,64
/hpc/group/coganlab/nanlinshi/insula-functional/src/decoding/run_decoding_resolved.py,main,FunctionDef,66,225
/hpc/group/coganlab/nanlinshi/insula-functional/src/decoding/run_decoding_resolved_lda.py,TimeBin,ClassDef,75,97
/hpc/group/coganlab/nanlinshi/insula-functional/src/decoding/run_decoding_resolved_lda.py,build_transformer,FunctionDef,100,102
/hpc/group/coganlab/nanlinshi/insula-functional/src/decoding/run_decoding_resolved_lda.py,build_classifier,FunctionDef,105,106
/hpc/group/coganlab/nanlinshi/insula-functional/src/decoding/run_decoding_resolved_lda.py,build_pipeline,FunctionDef,109,111
/hpc/group/coganlab/nanlinshi/insula-functional/src/decoding/run_decoding_resolved_lda.py,build_cv,FunctionDef,114,129
/hpc/group/coganlab/nanlinshi/insula-functional/src/decoding/run_decoding_resolved_lda.py,drop_label_trials,FunctionDef,132,145
/hpc/group/coganlab/nanlinshi/insula-functional/src/decoding/run_decoding_resolved_lda.py,main,FunctionDef,148,303
/hpc/group/coganlab/nanlinshi/insula-functional/src/decoding/run_decoding_resolved_lda.py,__init__,FunctionDef,84,85
/hpc/group/coganlab/nanlinshi/insula-functional/src/decoding/run_decoding_resolved_lda.py,fit,FunctionDef,87,88
/hpc/group/coganlab/nanlinshi/insula-functional/src/decoding/run_decoding_resolved_lda.py,transform,FunctionDef,90,97
/hpc/group/coganlab/nanlinshi/insula-functional/src/hga/package_ave_cord.py,_is_baseline,FunctionDef,26,27
/hpc/group/coganlab/nanlinshi/insula-functional/src/hga/package_ave_cord.py,_apply_aparc_roi_merge,FunctionDef,30,34
/hpc/group/coganlab/nanlinshi/insula-functional/src/hga/package_ave_cord.py,_mean_hga_by_channel,FunctionDef,37,44
/hpc/group/coganlab/nanlinshi/insula-functional/src/hga/package_ave_cord.py,_load_sig_channels,FunctionDef,47,57
/hpc/group/coganlab/nanlinshi/insula-functional/src/hga/package_ave_cord.py,build_coord_dataframe,FunctionDef,60,89
/hpc/group/coganlab/nanlinshi/insula-functional/src/hga/package_ave_cord.py,main,FunctionDef,92,168
/hpc/group/coganlab/nanlinshi/insula-functional/src/hga/package_highgamma.py,canonical_task_name,FunctionDef,32,36
/hpc/group/coganlab/nanlinshi/insula-functional/src/hga/package_highgamma.py,epoch_derivative_root,FunctionDef,39,45
/hpc/group/coganlab/nanlinshi/insula-functional/src/hga/package_highgamma.py,results_task_key,FunctionDef,48,54
/hpc/group/coganlab/nanlinshi/insula-functional/src/hga/package_highgamma.py,_swap_epoch_derivative,FunctionDef,57,68
/hpc/group/coganlab/nanlinshi/insula-functional/src/hga/package_highgamma.py,modality_of,FunctionDef,71,72
/hpc/group/coganlab/nanlinshi/insula-functional/src/hga/package_highgamma.py,is_baseline,FunctionDef,75,76
/hpc/group/coganlab/nanlinshi/insula-functional/src/hga/package_highgamma.py,sig_union_by_subject_modality,FunctionDef,79,90
/hpc/group/coganlab/nanlinshi/insula-functional/src/hga/package_highgamma.py,pick_union_channels,FunctionDef,93,103
/hpc/group/coganlab/nanlinshi/insula-functional/src/hga/package_highgamma.py,stats_path_candidates,FunctionDef,106,113
/hpc/group/coganlab/nanlinshi/insula-functional/src/hga/package_highgamma.py,load_stats_mask,FunctionDef,116,151
/hpc/group/coganlab/nanlinshi/insula-functional/src/hga/package_highgamma.py,load_parcellation,FunctionDef,154,169
/hpc/group/coganlab/nanlinshi/insula-functional/src/hga/package_highgamma.py,parcellation_subset,FunctionDef,172,244
/hpc/group/coganlab/nanlinshi/insula-functional/src/hga/package_highgamma.py,_normalize_subject_id,FunctionDef,247,248
/hpc/group/coganlab/nanlinshi/insula-functional/src/hga/package_highgamma.py,_filter_epoch_paths,FunctionDef,251,259
/hpc/group/coganlab/nanlinshi/insula-functional/src/hga/package_highgamma.py,main,FunctionDef,262,371
/hpc/group/coganlab/nanlinshi/insula-functional/src/nmf/pc_clustering.py,n_pcs_above_threshold,FunctionDef,44,51
/hpc/group/coganlab/nanlinshi/insula-functional/src/nmf/pc_clustering.py,_fit_labels,FunctionDef,54,79
/hpc/group/coganlab/nanlinshi/insula-functional/src/nmf/pc_clustering.py,_safe_scores,FunctionDef,82,90
/hpc/group/coganlab/nanlinshi/insula-functional/src/nmf/pc_clustering.py,cluster_pc_space,FunctionDef,93,140
/hpc/group/coganlab/nanlinshi/insula-functional/src/nmf/pc_clustering.py,summarize_cluster_metrics,FunctionDef,143,162
/hpc/group/coganlab/nanlinshi/insula-functional/src/nmf/pc_clustering.py,choose_k_max_metric,FunctionDef,165,178
/hpc/group/coganlab/nanlinshi/insula-functional/src/nmf/pc_clustering.py,write_pc_tables,FunctionDef,181,227
/hpc/group/coganlab/nanlinshi/insula-functional/src/nmf/pc_clustering.py,run,FunctionDef,230,342
/hpc/group/coganlab/nanlinshi/insula-functional/src/nmf/pc_clustering.py,_iqr,FunctionDef,146,152
/hpc/group/coganlab/nanlinshi/insula-functional/src/nmf/rank_selection.py,_load_exclude_channels,FunctionDef,52,63
/hpc/group/coganlab/nanlinshi/insula-functional/src/nmf/rank_selection.py,build_concat_matrix,FunctionDef,66,109
/hpc/group/coganlab/nanlinshi/insula-functional/src/nmf/rank_selection.py,_accumulate_consensus,FunctionDef,112,130
/hpc/group/coganlab/nanlinshi/insula-functional/src/nmf/rank_selection.py,cophenetic_correlation,FunctionDef,133,144
/hpc/group/coganlab/nanlinshi/insula-functional/src/nmf/rank_selection.py,_align_labels,FunctionDef,147,155
/hpc/group/coganlab/nanlinshi/insula-functional/src/nmf/rank_selection.py,mean_pairwise_ari,FunctionDef,158,189
/hpc/group/coganlab/nanlinshi/insula-functional/src/nmf/rank_selection.py,choose_k,FunctionDef,192,213
/hpc/group/coganlab/nanlinshi/insula-functional/src/nmf/rank_selection.py,bootstrap_consensus_for_k,FunctionDef,216,243
/hpc/group/coganlab/nanlinshi/insula-functional/src/nmf/rank_selection.py,full_matrix_secondary_metrics,FunctionDef,246,268
/hpc/group/coganlab/nanlinshi/insula-functional/src/nmf/rank_selection.py,run_rank_selection,FunctionDef,271,332
/hpc/group/coganlab/nanlinshi/insula-functional/src/nmf/rank_selection.py,plot_metric_curve,FunctionDef,335,346
/hpc/group/coganlab/nanlinshi/insula-functional/src/nmf/rank_selection.py,plot_rank_metrics_overview,FunctionDef,349,369
/hpc/group/coganlab/nanlinshi/insula-functional/src/nmf/rank_selection.py,plot_consensus,FunctionDef,372,390
/hpc/group/coganlab/nanlinshi/insula-functional/src/nmf/rank_selection.py,write_rank_selection_outputs,FunctionDef,393,436
/hpc/group/coganlab/nanlinshi/insula-functional/src/nmf/rank_selection.py,default_output_dirs,FunctionDef,439,442
/hpc/group/coganlab/nanlinshi/insula-functional/src/nmf/rank_selection.py,run,FunctionDef,445,525
/hpc/group/coganlab/nanlinshi/insula-functional/src/nmf/waveform_analysis.py,ordered_clusters,FunctionDef,94,100
/hpc/group/coganlab/nanlinshi/insula-functional/src/nmf/waveform_analysis.py,normalize_nmf_factors,FunctionDef,103,116
/hpc/group/coganlab/nanlinshi/insula-functional/src/nmf/waveform_analysis.py,_early_late_masks,FunctionDef,119,130
/hpc/group/coganlab/nanlinshi/insula-functional/src/nmf/waveform_analysis.py,_transient_scores,FunctionDef,133,135
/hpc/group/coganlab/nanlinshi/insula-functional/src/nmf/waveform_analysis.py,orient_two_components,FunctionDef,138,154
/hpc/group/coganlab/nanlinshi/insula-functional/src/nmf/waveform_analysis.py,orient_three_components,FunctionDef,157,173
/hpc/group/coganlab/nanlinshi/insula-functional/src/nmf/waveform_analysis.py,orient_components,FunctionDef,176,203
/hpc/group/coganlab/nanlinshi/insula-functional/src/nmf/waveform_analysis.py,_interp_components_to_times,FunctionDef,206,215
/hpc/group/coganlab/nanlinshi/insula-functional/src/nmf/waveform_analysis.py,component_correlation_matrix,FunctionDef,218,240
/hpc/group/coganlab/nanlinshi/insula-functional/src/nmf/waveform_analysis.py,align_components_to_reference,FunctionDef,243,265
/hpc/group/coganlab/nanlinshi/insula-functional/src/nmf/waveform_analysis.py,names_aligned_to_reference,FunctionDef,268,279
/hpc/group/coganlab/nanlinshi/insula-functional/src/nmf/waveform_analysis.py,discover_paths,FunctionDef,282,295
/hpc/group/coganlab/nanlinshi/insula-functional/src/nmf/waveform_analysis.py,_filename_has_phase,FunctionDef,298,306
/hpc/group/coganlab/nanlinshi/insula-functional/src/nmf/waveform_analysis.py,load_hga_rows,FunctionDef,309,342
/hpc/group/coganlab/nanlinshi/insula-functional/src/nmf/waveform_analysis.py,restrict_windows,FunctionDef,345,359
/hpc/group/coganlab/nanlinshi/insula-functional/src/nmf/waveform_analysis.py,channel_metadata,FunctionDef,362,373
/hpc/group/coganlab/nanlinshi/insula-functional/src/nmf/waveform_analysis.py,phase_matrix,FunctionDef,376,397
/hpc/group/coganlab/nanlinshi/insula-functional/src/nmf/waveform_analysis.py,stimulus_matrix,FunctionDef,400,403
/hpc/group/coganlab/nanlinshi/insula-functional/src/nmf/waveform_analysis.py,concatenated_phase_matrix,FunctionDef,406,455
/hpc/group/coganlab/nanlinshi/insula-functional/src/nmf/waveform_analysis.py,split_concat_components,FunctionDef,458,469
/hpc/group/coganlab/nanlinshi/insula-functional/src/nmf/waveform_analysis.py,orient_components_on_phase_segment,FunctionDef,472,484
/hpc/group/coganlab/nanlinshi/insula-functional/src/nmf/waveform_analysis.py,prepare_shape_matrix,FunctionDef,487,493
/hpc/group/coganlab/nanlinshi/insula-functional/src/nmf/waveform_analysis.py,fit_one_nmf,FunctionDef,496,520
/hpc/group/coganlab/nanlinshi/insula-functional/src/nmf/waveform_analysis.py,fit_nmf_grid,FunctionDef,523,578
/hpc/group/coganlab/nanlinshi/insula-functional/src/nmf/waveform_analysis.py,within_subject_permutation_p,FunctionDef,581,609
/hpc/group/coganlab/nanlinshi/insula-functional/src/nmf/waveform_analysis.py,summarize_held_out,FunctionDef,612,648
/hpc/group/coganlab/nanlinshi/insula-functional/src/nmf/waveform_analysis.py,held_out_contrasts,FunctionDef,651,800
/hpc/group/coganlab/nanlinshi/insula-functional/src/nmf/waveform_analysis.py,plot_waveforms,FunctionDef,803,852
/hpc/group/coganlab/nanlinshi/insula-functional/src/nmf/waveform_analysis.py,plot_spatial,FunctionDef,855,882
/hpc/group/coganlab/nanlinshi/insula-functional/src/nmf/waveform_analysis.py,write_component_table,FunctionDef,885,899
/hpc/group/coganlab/nanlinshi/insula-functional/src/nmf/waveform_analysis.py,run,FunctionDef,902,1038
/hpc/group/coganlab/nanlinshi/insula-functional/src/nmf/waveform_analysis.py,agreement,FunctionDef,595,597
/hpc/group/coganlab/nanlinshi/insula-functional/src/nmf/waveform_pca.py,load_exclude_channels,FunctionDef,34,45
/hpc/group/coganlab/nanlinshi/insula-functional/src/nmf/waveform_pca.py,align_matrix_to_assignments,FunctionDef,48,73
/hpc/group/coganlab/nanlinshi/insula-functional/src/nmf/waveform_pca.py,fit_waveform_pca,FunctionDef,76,93
/hpc/group/coganlab/nanlinshi/insula-functional/src/nmf/waveform_pca.py,plot_waveform_pca,FunctionDef,96,168
/hpc/group/coganlab/nanlinshi/insula-functional/src/nmf/waveform_pca.py,write_pca_outputs,FunctionDef,171,195
/hpc/group/coganlab/nanlinshi/insula-functional/src/nmf/waveform_pca.py,run,FunctionDef,198,297
/hpc/group/coganlab/nanlinshi/insula-functional/src/paths.py,img_dir,FunctionDef,14,18
/hpc/group/coganlab/nanlinshi/insula-functional/src/paths.py,save_svg,FunctionDef,21,28
/hpc/group/coganlab/nanlinshi/insula-functional/src/paths.py,hga_results_dir,FunctionDef,31,43
/hpc/group/coganlab/nanlinshi/insula-functional/src/paths.py,decoding_results_dir,FunctionDef,46,48
/hpc/group/coganlab/nanlinshi/insula-functional/src/paths.py,decoding_task_dir,FunctionDef,51,53
/hpc/group/coganlab/nanlinshi/insula-functional/src/paths.py,resolve_decoding_task_root,FunctionDef,56,80
/hpc/group/coganlab/nanlinshi/insula-functional/src/paths.py,parcellation_qc_dir,FunctionDef,83,88
/hpc/group/coganlab/nanlinshi/insula-functional/src/paths.py,nmf_results_dir,FunctionDef,91,93
/hpc/group/coganlab/nanlinshi/insula-functional/src/paths.py,nmf_assignments_path,FunctionDef,96,103
/hpc/group/coganlab/nanlinshi/insula-functional/src/paths.py,nmf_exclude_channels_path,FunctionDef,106,108
/hpc/group/coganlab/nanlinshi/insula-functional/src/paths.py,nmf_chosen_k,FunctionDef,111,126
/hpc/group/coganlab/nanlinshi/insula-functional/src/paths.py,nmf_run_dir,FunctionDef,129,131
/hpc/group/coganlab/nanlinshi/insula-functional/src/paths.py,nmf_nnls_dir,FunctionDef,134,136
/hpc/group/coganlab/nanlinshi/insula-functional/src/paths.py,nmf_wholebrain_dir,FunctionDef,139,141
/hpc/group/coganlab/nanlinshi/insula-functional/src/reaction_time/insula_ridge.py,WindowScores,ClassDef,27,34
/hpc/group/coganlab/nanlinshi/insula-functional/src/reaction_time/insula_ridge.py,ClusterResult,ClassDef,38,43
/hpc/group/coganlab/nanlinshi/insula-functional/src/reaction_time/insula_ridge.py,parse_item_id,FunctionDef,46,58
/hpc/group/coganlab/nanlinshi/insula-functional/src/reaction_time/insula_ridge.py,make_group_splits,FunctionDef,61,88
/hpc/group/coganlab/nanlinshi/insula-functional/src/reaction_time/insula_ridge.py,make_permutation_seeds,FunctionDef,91,105
/hpc/group/coganlab/nanlinshi/insula-functional/src/reaction_time/insula_ridge.py,make_shuffled_targets,FunctionDef,108,116
/hpc/group/coganlab/nanlinshi/insula-functional/src/reaction_time/insula_ridge.py,_pearson_columns,FunctionDef,119,132
/hpc/group/coganlab/nanlinshi/insula-functional/src/reaction_time/insula_ridge.py,_inner_cv,FunctionDef,135,141
/hpc/group/coganlab/nanlinshi/insula-functional/src/reaction_time/insula_ridge.py,_fit_one_channel,FunctionDef,144,203
/hpc/group/coganlab/nanlinshi/insula-functional/src/reaction_time/insula_ridge.py,fit_window_scores,FunctionDef,206,255
/hpc/group/coganlab/nanlinshi/insula-functional/src/reaction_time/insula_ridge.py,iter_true_runs,FunctionDef,258,265
/hpc/group/coganlab/nanlinshi/insula-functional/src/reaction_time/insula_ridge.py,_longest_runs_by_column,FunctionDef,268,277
/hpc/group/coganlab/nanlinshi/insula-functional/src/reaction_time/insula_ridge.py,joint_cluster_correction,FunctionDef,280,349
/hpc/group/coganlab/nanlinshi/insula-functional/src/reaction_time/insula_rt_data.py,NoStrictInsulaError,ClassDef,19,20
/hpc/group/coganlab/nanlinshi/insula-functional/src/reaction_time/insula_rt_data.py,PhaseData,ClassDef,24,35
/hpc/group/coganlab/nanlinshi/insula-functional/src/reaction_time/insula_rt_data.py,epoch_data_dir,FunctionDef,38,46
/hpc/group/coganlab/nanlinshi/insula-functional/src/reaction_time/insula_rt_data.py,find_phase_files,FunctionDef,49,62
/hpc/group/coganlab/nanlinshi/insula-functional/src/reaction_time/insula_rt_data.py,sibling_phase_path,FunctionDef,65,70
/hpc/group/coganlab/nanlinshi/insula-functional/src/reaction_time/insula_rt_data.py,_event_names,FunctionDef,73,75
/hpc/group/coganlab/nanlinshi/insula-functional/src/reaction_time/insula_rt_data.py,_recording_from_path,FunctionDef,78,80
/hpc/group/coganlab/nanlinshi/insula-functional/src/reaction_time/insula_rt_data.py,_phase_event_table,FunctionDef,83,103
/hpc/group/coganlab/nanlinshi/insula-functional/src/reaction_time/insula_rt_data.py,match_target_go_response,FunctionDef,106,166
/hpc/group/coganlab/nanlinshi/insula-functional/src/reaction_time/insula_rt_data.py,_aligned_trial_table,FunctionDef,169,223
/hpc/group/coganlab/nanlinshi/insula-functional/src/reaction_time/insula_rt_data.py,load_strict_insula_parcellation,FunctionDef,226,277
/hpc/group/coganlab/nanlinshi/insula-functional/src/reaction_time/insula_rt_data.py,load_phase_data,FunctionDef,280,371
/hpc/group/coganlab/nanlinshi/insula-functional/src/reaction_time/insula_rt_io.py,PhaseModelResult,ClassDef,23,35
/hpc/group/coganlab/nanlinshi/insula-functional/src/reaction_time/insula_rt_io.py,phase_output_path,FunctionDef,38,55
/hpc/group/coganlab/nanlinshi/insula-functional/src/reaction_time/insula_rt_io.py,_write_strings,FunctionDef,58,61
/hpc/group/coganlab/nanlinshi/insula-functional/src/reaction_time/insula_rt_io.py,_write_numeric,FunctionDef,64,67
/hpc/group/coganlab/nanlinshi/insula-functional/src/reaction_time/insula_rt_io.py,write_phase_result,FunctionDef,70,181
/hpc/group/coganlab/nanlinshi/insula-functional/src/reaction_time/insula_rt_io.py,decode_strings,FunctionDef,184,190
/hpc/group/coganlab/nanlinshi/insula-functional/src/reaction_time/run_insula_rt_ridge.py,UncorrectedPhaseResult,ClassDef,39,49
/hpc/group/coganlab/nanlinshi/insula-functional/src/reaction_time/run_insula_rt_ridge.py,sliding_windows,FunctionDef,52,74
/hpc/group/coganlab/nanlinshi/insula-functional/src/reaction_time/run_insula_rt_ridge.py,fit_phase,FunctionDef,77,147
/hpc/group/coganlab/nanlinshi/insula-functional/src/reaction_time/run_insula_rt_ridge.py,_write_status,FunctionDef,150,178
/hpc/group/coganlab/nanlinshi/insula-functional/src/reaction_time/run_insula_rt_ridge.py,run_subject,FunctionDef,181,323
/hpc/group/coganlab/nanlinshi/insula-functional/src/reaction_time/run_insula_rt_ridge.py,build_arg_parser,FunctionDef,326,348
/hpc/group/coganlab/nanlinshi/insula-functional/src/reaction_time/run_insula_rt_ridge.py,main,FunctionDef,351,359
/hpc/group/coganlab/nanlinshi/insula-functional/src/reaction_time/summarize_insula_rt_direction.py,_decode,FunctionDef,38,42
/hpc/group/coganlab/nanlinshi/insula-functional/src/reaction_time/summarize_insula_rt_direction.py,mean_hga_rt_direction,FunctionDef,45,71
/hpc/group/coganlab/nanlinshi/insula-functional/src/reaction_time/summarize_insula_rt_direction.py,_selected_peak_windows,FunctionDef,74,109
/hpc/group/coganlab/nanlinshi/insula-functional/src/reaction_time/summarize_insula_rt_direction.py,_subject_summary,FunctionDef,112,149
/hpc/group/coganlab/nanlinshi/insula-functional/src/reaction_time/summarize_insula_rt_direction.py,summarize_amplitude_direction,FunctionDef,152,282
/hpc/group/coganlab/nanlinshi/insula-functional/src/reaction_time/summarize_insula_rt_direction.py,main,FunctionDef,285,300
/hpc/group/coganlab/nanlinshi/insula-functional/src/reaction_time/summarize_insula_rt_encoding.py,window_mean_hga,FunctionDef,40,59
/hpc/group/coganlab/nanlinshi/insula-functional/src/reaction_time/summarize_insula_rt_encoding.py,median_split_traces,FunctionDef,62,96
/hpc/group/coganlab/nanlinshi/insula-functional/src/reaction_time/summarize_insula_rt_encoding.py,aligned_fast_slow_traces,FunctionDef,99,142
/hpc/group/coganlab/nanlinshi/insula-functional/src/reaction_time/summarize_insula_rt_encoding.py,collapse_electrode_r_to_subject,FunctionDef,145,177
/hpc/group/coganlab/nanlinshi/insula-functional/src/reaction_time/summarize_insula_rt_encoding.py,_cluster_label,FunctionDef,180,183
/hpc/group/coganlab/nanlinshi/insula-functional/src/reaction_time/summarize_insula_rt_encoding.py,_peak_prego_windows,FunctionDef,186,218
/hpc/group/coganlab/nanlinshi/insula-functional/src/reaction_time/summarize_insula_rt_encoding.py,_zscore,FunctionDef,221,228
/hpc/group/coganlab/nanlinshi/insula-functional/src/reaction_time/summarize_insula_rt_encoding.py,_wilcoxon_row,FunctionDef,231,285
/hpc/group/coganlab/nanlinshi/insula-functional/src/reaction_time/summarize_insula_rt_encoding.py,_fit_lmm,FunctionDef,288,349
/hpc/group/coganlab/nanlinshi/insula-functional/src/reaction_time/summarize_insula_rt_encoding.py,summarize_hga_rt_encoding,FunctionDef,352,663
/hpc/group/coganlab/nanlinshi/insula-functional/src/reaction_time/summarize_insula_rt_encoding.py,main,FunctionDef,666,686
/hpc/group/coganlab/nanlinshi/insula-functional/src/reaction_time/summarize_insula_rt_ridge.py,_channel_metadata,FunctionDef,16,25
/hpc/group/coganlab/nanlinshi/insula-functional/src/reaction_time/summarize_insula_rt_ridge.py,_functional_assignments,FunctionDef,28,37
/hpc/group/coganlab/nanlinshi/insula-functional/src/reaction_time/summarize_insula_rt_ridge.py,summarize_results,FunctionDef,40,166
/hpc/group/coganlab/nanlinshi/insula-functional/src/reaction_time/summarize_insula_rt_ridge.py,main,FunctionDef,169,187
/hpc/group/coganlab/nanlinshi/insula-functional/src/univariate/contrasts_mean.py,normalize_phase_name,FunctionDef,60,65
/hpc/group/coganlab/nanlinshi/insula-functional/src/univariate/contrasts_mean.py,resolve_contrast_description,FunctionDef,68,79
/hpc/group/coganlab/nanlinshi/insula-functional/src/univariate/contrasts_mean.py,window_reduce,FunctionDef,82,88
/hpc/group/coganlab/nanlinshi/insula-functional/src/univariate/contrasts_mean.py,parse_contrast_keys,FunctionDef,98,111
/hpc/group/coganlab/nanlinshi/insula-functional/src/univariate/contrasts_mean.py,descriptions_for_contrasts,FunctionDef,114,122
/hpc/group/coganlab/nanlinshi/insula-functional/src/univariate/contrasts_mean.py,select_epoch_path,FunctionDef,125,137
/hpc/group/coganlab/nanlinshi/insula-functional/src/univariate/contrasts_mean.py,keep_correct_trials,FunctionDef,140,161
/hpc/group/coganlab/nanlinshi/insula-functional/src/univariate/contrasts_mean.py,channel_rng,FunctionDef,164,167
/hpc/group/coganlab/nanlinshi/insula-functional/src/univariate/contrasts_mean.py,sem,FunctionDef,170,174
/hpc/group/coganlab/nanlinshi/insula-functional/src/univariate/contrasts_mean.py,perm_test_two_sample,FunctionDef,177,200
/hpc/group/coganlab/nanlinshi/insula-functional/src/univariate/contrasts_mean.py,apply_channel_fdr,FunctionDef,203,212
/hpc/group/coganlab/nanlinshi/insula-functional/src/univariate/contrasts_mean.py,parse_epoch_metadata,FunctionDef,215,252
/hpc/group/coganlab/nanlinshi/insula-functional/src/univariate/contrasts_mean.py,load_phase_description_means,FunctionDef,255,291
/hpc/group/coganlab/nanlinshi/insula-functional/src/univariate/contrasts_mean.py,analyze_channel_contrast,FunctionDef,294,334
/hpc/group/coganlab/nanlinshi/insula-functional/src/univariate/contrasts_mean.py,run_phase_contrast,FunctionDef,337,392
/hpc/group/coganlab/nanlinshi/insula-functional/src/univariate/contrasts_mean.py,save_results,FunctionDef,395,417
/hpc/group/coganlab/nanlinshi/insula-functional/src/univariate/contrasts_mean.py,discover_epoch_paths,FunctionDef,420,437
/hpc/group/coganlab/nanlinshi/insula-functional/src/univariate/contrasts_mean.py,discover_phases,FunctionDef,440,448
/hpc/group/coganlab/nanlinshi/insula-functional/src/univariate/contrasts_mean.py,main,FunctionDef,451,544
/hpc/group/coganlab/nanlinshi/insula-functional/src/univariate/contrasts_mean.py,_self_check,FunctionDef,547,559
/hpc/group/coganlab/nanlinshi/seeg-preprocessing/common/parcellation.py,tkr_ras_to_voxel,FunctionDef,72,79
/hpc/group/coganlab/nanlinshi/seeg-preprocessing/common/parcellation.py,_to_mm,FunctionDef,82,90
/hpc/group/coganlab/nanlinshi/seeg-preprocessing/common/parcellation.py,_find_electrodes,FunctionDef,93,119
/hpc/group/coganlab/nanlinshi/seeg-preprocessing/common/parcellation.py,_strip_subject_prefix,FunctionDef,122,127
/hpc/group/coganlab/nanlinshi/seeg-preprocessing/common/parcellation.py,_output_name,FunctionDef,130,132
/hpc/group/coganlab/nanlinshi/seeg-preprocessing/common/parcellation.py,_split_bipolar_name,FunctionDef,135,146
/hpc/group/coganlab/nanlinshi/seeg-preprocessing/common/parcellation.py,_load_lut,FunctionDef,149,156
/hpc/group/coganlab/nanlinshi/seeg-preprocessing/common/parcellation.py,_load_hammers_lut,FunctionDef,159,171
/hpc/group/coganlab/nanlinshi/seeg-preprocessing/common/parcellation.py,_resolve_atlas,FunctionDef,192,243
/hpc/group/coganlab/nanlinshi/seeg-preprocessing/common/parcellation.py,_label_coordinate,FunctionDef,246,254
/hpc/group/coganlab/nanlinshi/seeg-preprocessing/common/parcellation.py,_gross_roi,FunctionDef,257,259
/hpc/group/coganlab/nanlinshi/seeg-preprocessing/common/parcellation.py,_roi_kind,FunctionDef,262,268
/hpc/group/coganlab/nanlinshi/seeg-preprocessing/common/parcellation.py,consensus_roi,FunctionDef,271,296
/hpc/group/coganlab/nanlinshi/seeg-preprocessing/common/parcellation.py,_hemisphere,FunctionDef,299,317
/hpc/group/coganlab/nanlinshi/seeg-preprocessing/common/parcellation.py,_mni_transform_paths,FunctionDef,320,337
/hpc/group/coganlab/nanlinshi/seeg-preprocessing/common/parcellation.py,_check_mni_dependencies,FunctionDef,340,346
/hpc/group/coganlab/nanlinshi/seeg-preprocessing/common/parcellation.py,_ensure_mni_registration,FunctionDef,349,402
/hpc/group/coganlab/nanlinshi/seeg-preprocessing/common/parcellation.py,_native_midpoints_to_scanner_ras,FunctionDef,405,418
/hpc/group/coganlab/nanlinshi/seeg-preprocessing/common/parcellation.py,_apply_native_to_mni,FunctionDef,421,459
/hpc/group/coganlab/nanlinshi/seeg-preprocessing/common/parcellation.py,_assign_standard_coordinates,FunctionDef,462,490
/hpc/group/coganlab/nanlinshi/seeg-preprocessing/common/parcellation.py,_mni_scanner_ras_to_cvs_tkr,FunctionDef,493,509
/hpc/group/coganlab/nanlinshi/seeg-preprocessing/common/parcellation.py,main,FunctionDef,512,643
/hpc/group/coganlab/nanlinshi/seeg-preprocessing/common/save_clean_derivatives.py,preproc,FunctionDef,46,68
/hpc/group/coganlab/nanlinshi/seeg-preprocessing/common/save_clean_derivatives.py,main,FunctionDef,70,80
/hpc/group/coganlab/nanlinshi/seeg-preprocessing/lib/ieeg_epochs.py,interpolate,FunctionDef,37,89
/hpc/group/coganlab/nanlinshi/seeg-preprocessing/lib/ieeg_epochs.py,set_laplacian_reference,FunctionDef,92,129
/hpc/group/coganlab/nanlinshi/seeg-preprocessing/lib/ieeg_epochs.py,set_white_matter_reference,FunctionDef,132,148
/hpc/group/coganlab/nanlinshi/seeg-preprocessing/lib/ieeg_epochs.py,load_reref_raw,FunctionDef,151,196
/hpc/group/coganlab/nanlinshi/seeg-preprocessing/lib/ieeg_epochs.py,extract_and_save_phase_epoch,FunctionDef,199,305
/hpc/group/coganlab/nanlinshi/seeg-preprocessing/lib/shaft_bipolar.py,bipolar_channel_name,FunctionDef,22,53
/hpc/group/coganlab/nanlinshi/seeg-preprocessing/lib/shaft_bipolar.py,coord_to_mm,FunctionDef,59,62
/hpc/group/coganlab/nanlinshi/seeg-preprocessing/lib/shaft_bipolar.py,dist_mm,FunctionDef,65,66
/hpc/group/coganlab/nanlinshi/seeg-preprocessing/lib/shaft_bipolar.py,turn_angle_deg,FunctionDef,69,76
/hpc/group/coganlab/nanlinshi/seeg-preprocessing/lib/shaft_bipolar.py,linearity_metrics,FunctionDef,79,102
/hpc/group/coganlab/nanlinshi/seeg-preprocessing/lib/shaft_bipolar.py,segment_shafts,FunctionDef,105,154
/hpc/group/coganlab/nanlinshi/seeg-preprocessing/lib/shaft_bipolar.py,BipolarBuildResult,ClassDef,158,165
/hpc/group/coganlab/nanlinshi/seeg-preprocessing/lib/shaft_bipolar.py,build_bipolar_pairs,FunctionDef,168,277
/hpc/group/coganlab/nanlinshi/seeg-preprocessing/lib/shaft_bipolar.py,write_qc_reports,FunctionDef,280,295
/hpc/group/coganlab/nanlinshi/seeg-preprocessing/lib/shaft_bipolar.py,_write,FunctionDef,286,289
/hpc/group/coganlab/nanlinshi/seeg-preprocessing/lib/time_perm_stats.py,run_stats_for_condition_phase,FunctionDef,23,145
/hpc/group/coganlab/nanlinshi/seeg-preprocessing-worktrees/lexical_delay/task/extract_ieeg_epochs.py,preproc,FunctionDef,28,55
/hpc/group/coganlab/nanlinshi/seeg-preprocessing-worktrees/lexical_delay/task/extract_ieeg_epochs.py,main,FunctionDef,58,60
/hpc/group/coganlab/nanlinshi/seeg-preprocessing-worktrees/lexical_delay/task/prepare_decoding_dataset.py,_word_to_phonemes,FunctionDef,38,51
/hpc/group/coganlab/nanlinshi/seeg-preprocessing-worktrees/lexical_delay/task/prepare_decoding_dataset.py,_sig_epoch_bids_path,FunctionDef,66,76
/hpc/group/coganlab/nanlinshi/seeg-preprocessing-worktrees/lexical_delay/task/prepare_decoding_dataset.py,_read_sig_ch_names,FunctionDef,79,87
/hpc/group/coganlab/nanlinshi/seeg-preprocessing-worktrees/lexical_delay/task/prepare_decoding_dataset.py,_union_sig_channels,FunctionDef,90,95
/hpc/group/coganlab/nanlinshi/seeg-preprocessing-worktrees/lexical_delay/task/prepare_decoding_dataset.py,_resolve_epoch_datatype,FunctionDef,98,106
/hpc/group/coganlab/nanlinshi/seeg-preprocessing-worktrees/lexical_delay/task/prepare_decoding_dataset.py,drop_bad_channels,FunctionDef,109,121
/hpc/group/coganlab/nanlinshi/seeg-preprocessing-worktrees/lexical_delay/task/prepare_decoding_dataset.py,drop_bad_trials,FunctionDef,124,136
/hpc/group/coganlab/nanlinshi/seeg-preprocessing-worktrees/lexical_delay/task/prepare_decoding_dataset.py,get_phoneme,FunctionDef,139,149
/hpc/group/coganlab/nanlinshi/seeg-preprocessing-worktrees/lexical_delay/task/prepare_decoding_dataset.py,get_articulator,FunctionDef,152,157
/hpc/group/coganlab/nanlinshi/seeg-preprocessing-worktrees/lexical_delay/task/prepare_decoding_dataset.py,load_parcellation,FunctionDef,160,169
/hpc/group/coganlab/nanlinshi/seeg-preprocessing-worktrees/lexical_delay/task/prepare_decoding_dataset.py,get_roi_channels,FunctionDef,172,179
/hpc/group/coganlab/nanlinshi/seeg-preprocessing-worktrees/lexical_delay/task/prepare_decoding_dataset.py,_baseline_channel_count,FunctionDef,182,198
/hpc/group/coganlab/nanlinshi/seeg-preprocessing-worktrees/lexical_delay/task/prepare_decoding_dataset.py,_qc_log_subject_trial_counts,FunctionDef,201,223
/hpc/group/coganlab/nanlinshi/seeg-preprocessing-worktrees/lexical_delay/task/prepare_decoding_dataset.py,_qc_validate_labels,FunctionDef,226,240
/hpc/group/coganlab/nanlinshi/seeg-preprocessing-worktrees/lexical_delay/task/prepare_decoding_dataset.py,_qc_assert_xy_alignment,FunctionDef,243,251
/hpc/group/coganlab/nanlinshi/seeg-preprocessing-worktrees/lexical_delay/task/prepare_decoding_dataset.py,main,FunctionDef,254,544
/hpc/group/coganlab/nanlinshi/seeg-preprocessing-worktrees/lexical_delay/task/time_perm_bands.py,main,FunctionDef,18,31
/hpc/group/coganlab/nanlinshi/seeg-preprocessing-worktrees/lexical_nodelay/task/extract_ieeg_epochs.py,preproc,FunctionDef,34,69
/hpc/group/coganlab/nanlinshi/seeg-preprocessing-worktrees/lexical_nodelay/task/extract_ieeg_epochs.py,main,FunctionDef,72,74
/hpc/group/coganlab/nanlinshi/seeg-preprocessing-worktrees/lexical_nodelay/task/prepare_decoding_dataset.py,_word_to_phonemes,FunctionDef,17,30
/hpc/group/coganlab/nanlinshi/seeg-preprocessing-worktrees/lexical_nodelay/task/prepare_decoding_dataset.py,drop_bad_channels,FunctionDef,42,54
/hpc/group/coganlab/nanlinshi/seeg-preprocessing-worktrees/lexical_nodelay/task/prepare_decoding_dataset.py,drop_bad_trials,FunctionDef,57,69
/hpc/group/coganlab/nanlinshi/seeg-preprocessing-worktrees/lexical_nodelay/task/prepare_decoding_dataset.py,get_phoneme,FunctionDef,75,88
/hpc/group/coganlab/nanlinshi/seeg-preprocessing-worktrees/lexical_nodelay/task/prepare_decoding_dataset.py,process_parc,FunctionDef,93,129
/hpc/group/coganlab/nanlinshi/seeg-preprocessing-worktrees/lexical_nodelay/task/prepare_decoding_dataset.py,main,FunctionDef,136,303
/hpc/group/coganlab/nanlinshi/seeg-preprocessing-worktrees/lexical_nodelay/task/time_perm_bands.py,main,FunctionDef,18,31
/hpc/group/coganlab/nanlinshi/seeg-preprocessing-worktrees/phoneme_seq/task/extract_ieeg_epochs.py,preproc,FunctionDef,39,74
/hpc/group/coganlab/nanlinshi/seeg-preprocessing-worktrees/phoneme_seq/task/extract_ieeg_epochs.py,main,FunctionDef,77,81
/hpc/group/coganlab/nanlinshi/seeg-preprocessing-worktrees/phoneme_seq/task/prepare_decoding_dataset.py,compute_rt_mask,FunctionDef,29,56
/hpc/group/coganlab/nanlinshi/seeg-preprocessing-worktrees/phoneme_seq/task/prepare_decoding_dataset.py,drop_bad_channels,FunctionDef,59,71
/hpc/group/coganlab/nanlinshi/seeg-preprocessing-worktrees/phoneme_seq/task/prepare_decoding_dataset.py,drop_bad_trials,FunctionDef,74,86
/hpc/group/coganlab/nanlinshi/seeg-preprocessing-worktrees/phoneme_seq/task/prepare_decoding_dataset.py,get_phoneme,FunctionDef,89,97
/hpc/group/coganlab/nanlinshi/seeg-preprocessing-worktrees/phoneme_seq/task/prepare_decoding_dataset.py,get_articulator,FunctionDef,100,114
/hpc/group/coganlab/nanlinshi/seeg-preprocessing-worktrees/phoneme_seq/task/prepare_decoding_dataset.py,load_parcellation,FunctionDef,117,126
/hpc/group/coganlab/nanlinshi/seeg-preprocessing-worktrees/phoneme_seq/task/prepare_decoding_dataset.py,get_roi_channels,FunctionDef,129,136
/hpc/group/coganlab/nanlinshi/seeg-preprocessing-worktrees/phoneme_seq/task/prepare_decoding_dataset.py,_baseline_channel_count,FunctionDef,139,155
/hpc/group/coganlab/nanlinshi/seeg-preprocessing-worktrees/phoneme_seq/task/prepare_decoding_dataset.py,_qc_log_subject_trial_counts,FunctionDef,158,180
/hpc/group/coganlab/nanlinshi/seeg-preprocessing-worktrees/phoneme_seq/task/prepare_decoding_dataset.py,_qc_validate_labels,FunctionDef,183,192
/hpc/group/coganlab/nanlinshi/seeg-preprocessing-worktrees/phoneme_seq/task/prepare_decoding_dataset.py,_qc_assert_xy_alignment,FunctionDef,195,203
/hpc/group/coganlab/nanlinshi/seeg-preprocessing-worktrees/phoneme_seq/task/prepare_decoding_dataset.py,main,FunctionDef,219,450
/hpc/group/coganlab/nanlinshi/seeg-preprocessing-worktrees/phoneme_seq/task/time_perm_bands.py,main,FunctionDef,22,35
/hpc/group/coganlab/nanlinshi/seeg-preprocessing-worktrees/picture_naming/task/extract_ieeg_epochs.py,_resolve_phases,FunctionDef,44,50
/hpc/group/coganlab/nanlinshi/seeg-preprocessing-worktrees/picture_naming/task/extract_ieeg_epochs.py,_resolve_conditions,FunctionDef,53,69
/hpc/group/coganlab/nanlinshi/seeg-preprocessing-worktrees/picture_naming/task/extract_ieeg_epochs.py,preproc,FunctionDef,72,114
/hpc/group/coganlab/nanlinshi/seeg-preprocessing-worktrees/picture_naming/task/extract_ieeg_epochs.py,main,FunctionDef,117,139
/hpc/group/coganlab/nanlinshi/seeg-preprocessing-worktrees/picture_naming/task/time_perm_bands.py,_resolve_phases,FunctionDef,28,34
/hpc/group/coganlab/nanlinshi/seeg-preprocessing-worktrees/picture_naming/task/time_perm_bands.py,_resolve_conditions,FunctionDef,37,53
/hpc/group/coganlab/nanlinshi/seeg-preprocessing-worktrees/picture_naming/task/time_perm_bands.py,main,FunctionDef,56,73
/hpc/group/coganlab/nanlinshi/seeg-preprocessing-worktrees/sentence_rep/task/extract_ieeg_epochs.py,preproc,FunctionDef,42,85
/hpc/group/coganlab/nanlinshi/seeg-preprocessing-worktrees/sentence_rep/task/extract_ieeg_epochs.py,main,FunctionDef,88,90
/hpc/group/coganlab/nanlinshi/seeg-preprocessing-worktrees/sentence_rep/task/time_perm_bands.py,main,FunctionDef,21,40
/hpc/home/ns458/IEEG_Pipelines/ieeg/calc/oversample.py,MinimumNaNSplit,ClassDef,17,216
/hpc/home/ns458/IEEG_Pipelines/ieeg/calc/oversample.py,oversample_nan,FunctionDef,219,280
/hpc/home/ns458/IEEG_Pipelines/ieeg/calc/oversample.py,find_nan_indices,FunctionDef,283,318
/hpc/home/ns458/IEEG_Pipelines/ieeg/calc/oversample.py,sortbased_rand,FunctionDef,321,357
/hpc/home/ns458/IEEG_Pipelines/ieeg/calc/oversample.py,mixup2,FunctionDef,360,423
/hpc/home/ns458/IEEG_Pipelines/ieeg/calc/oversample.py,resample,FunctionDef,426,497
/hpc/home/ns458/IEEG_Pipelines/ieeg/calc/oversample.py,__init__,FunctionDef,57,66
/hpc/home/ns458/IEEG_Pipelines/ieeg/calc/oversample.py,split,FunctionDef,68,118
/hpc/home/ns458/IEEG_Pipelines/ieeg/calc/oversample.py,_splits,FunctionDef,120,125
/hpc/home/ns458/IEEG_Pipelines/ieeg/calc/oversample.py,oversample,FunctionDef,128,170
/hpc/home/ns458/IEEG_Pipelines/ieeg/calc/oversample.py,shuffle_labels,FunctionDef,172,216
/hpc/home/ns458/IEEG_Pipelines/ieeg/calc/scaling.py,_log_rescale,FunctionDef,11,17
/hpc/home/ns458/IEEG_Pipelines/ieeg/calc/scaling.py,rescale,FunctionDef,21,90
/hpc/home/ns458/IEEG_Pipelines/ieeg/calc/scaling.py,_,FunctionDef,95,122
/hpc/home/ns458/IEEG_Pipelines/ieeg/calc/scaling.py,_,FunctionDef,127,145
/hpc/home/ns458/IEEG_Pipelines/ieeg/calc/scaling.py,_,FunctionDef,150,168
/hpc/home/ns458/IEEG_Pipelines/ieeg/calc/scaling.py,fun,FunctionDef,64,65
/hpc/home/ns458/IEEG_Pipelines/ieeg/calc/scaling.py,fun,FunctionDef,67,68
/hpc/home/ns458/IEEG_Pipelines/ieeg/calc/scaling.py,fun,FunctionDef,70,72
/hpc/home/ns458/IEEG_Pipelines/ieeg/calc/scaling.py,fun,FunctionDef,74,76
/hpc/home/ns458/IEEG_Pipelines/ieeg/calc/scaling.py,fun,FunctionDef,78,80
/hpc/home/ns458/IEEG_Pipelines/ieeg/calc/scaling.py,fun,FunctionDef,82,85
/hpc/home/ns458/IEEG_Pipelines/ieeg/calc/stats.py,dist,FunctionDef,16,83
/hpc/home/ns458/IEEG_Pipelines/ieeg/calc/stats.py,outlier_repeat,FunctionDef,86,150
/hpc/home/ns458/IEEG_Pipelines/ieeg/calc/stats.py,find_outliers,FunctionDef,153,224
/hpc/home/ns458/IEEG_Pipelines/ieeg/calc/stats.py,avg_no_outlier,FunctionDef,283,351
/hpc/home/ns458/IEEG_Pipelines/ieeg/calc/stats.py,window_averaged_shuffle,FunctionDef,354,427
/hpc/home/ns458/IEEG_Pipelines/ieeg/calc/stats.py,time_perm_cluster,FunctionDef,430,600
/hpc/home/ns458/IEEG_Pipelines/ieeg/calc/stats.py,_handle_stat_func,FunctionDef,603,623
/hpc/home/ns458/IEEG_Pipelines/ieeg/calc/stats.py,proportion,FunctionDef,626,702
/hpc/home/ns458/IEEG_Pipelines/ieeg/calc/stats.py,_comp_by_sort,FunctionDef,705,711
/hpc/home/ns458/IEEG_Pipelines/ieeg/calc/stats.py,time_cluster,FunctionDef,714,788
/hpc/home/ns458/IEEG_Pipelines/ieeg/calc/stats.py,make_structure,FunctionDef,791,850
/hpc/home/ns458/IEEG_Pipelines/ieeg/calc/stats.py,tail_compare,FunctionDef,853,913
/hpc/home/ns458/IEEG_Pipelines/ieeg/calc/stats.py,sum_squared,FunctionDef,1009,1022
/hpc/home/ns458/IEEG_Pipelines/ieeg/calc/stats.py,sine_f_test,FunctionDef,1025,1109
/hpc/home/ns458/IEEG_Pipelines/ieeg/calc/stats.py,_proc,FunctionDef,558,571
/hpc/home/ns458/IEEG_Pipelines/ieeg/calc/stats.py,stat_func,FunctionDef,608,610
/hpc/home/ns458/IEEG_Pipelines/ieeg/calc/stats.py,stat_func,FunctionDef,613,615
/hpc/home/ns458/IEEG_Pipelines/ieeg/calc/stats.py,stat_func,FunctionDef,620,621
/hpc/home/ns458/IEEG_Pipelines/ieeg/navigate.py,crop_empty_data,FunctionDef,14,87
/hpc/home/ns458/IEEG_Pipelines/ieeg/navigate.py,channel_outlier_marker,FunctionDef,92,157
/hpc/home/ns458/IEEG_Pipelines/ieeg/navigate.py,find_bad_channels_lof,FunctionDef,160,237
/hpc/home/ns458/IEEG_Pipelines/ieeg/navigate.py,outliers_to_nan,FunctionDef,241,322
/hpc/home/ns458/IEEG_Pipelines/ieeg/navigate.py,trial_ieeg,FunctionDef,327,390
/hpc/home/ns458/IEEG_Pipelines/ieeg/timefreq/gamma.py,hilbert_spectrogram,FunctionDef,17,51
/hpc/home/ns458/IEEG_Pipelines/ieeg/timefreq/gamma.py,_,FunctionDef,55,62
/hpc/home/ns458/IEEG_Pipelines/ieeg/timefreq/gamma.py,extract,FunctionDef,66,167
/hpc/home/ns458/IEEG_Pipelines/ieeg/timefreq/gamma.py,_extract_inst,FunctionDef,170,180
/hpc/home/ns458/IEEG_Pipelines/ieeg/timefreq/gamma.py,_,FunctionDef,184,189
/hpc/home/ns458/IEEG_Pipelines/ieeg/timefreq/gamma.py,_,FunctionDef,193,198
/hpc/home/ns458/IEEG_Pipelines/ieeg/timefreq/gamma.py,_,FunctionDef,202,207
/hpc/home/ns458/IEEG_Pipelines/ieeg/timefreq/gamma.py,_my_hilt,FunctionDef,210,235
/hpc/home/ns458/IEEG_Pipelines/ieeg/timefreq/gamma.py,filterbank_hilbert,FunctionDef,238,314
/hpc/home/ns458/IEEG_Pipelines/ieeg/timefreq/gamma.py,process,FunctionDef,222,224
/hpc/home/ns458/IEEG_Pipelines/ieeg/timefreq/gamma.py,store,FunctionDef,227,230
/hpc/home/ns458/IEEG_Pipelines/ieeg/timefreq/gamma.py,extract_channel,FunctionDef,297,298
/hpc/home/ns458/miniconda3/envs/ieeg/lib/python3.1/site-packages/himalaya/ridge/_random_search.py,solve_group_ridge_random_search,FunctionDef,16,337
/hpc/home/ns458/miniconda3/envs/ieeg/lib/python3.1/site-packages/himalaya/ridge/_random_search.py,_decompose_ridge,FunctionDef,340,423
/hpc/home/ns458/miniconda3/envs/ieeg/lib/python3.1/site-packages/himalaya/ridge/_random_search.py,solve_ridge_cv_svd,FunctionDef,432,520
/hpc/home/ns458/miniconda3/envs/ieeg/lib/python3.1/site-packages/himalaya/ridge/_sklearn_api.py,_BaseRidge,ClassDef,20,53
/hpc/home/ns458/miniconda3/envs/ieeg/lib/python3.1/site-packages/himalaya/ridge/_sklearn_api.py,Ridge,ClassDef,56,208
/hpc/home/ns458/miniconda3/envs/ieeg/lib/python3.1/site-packages/himalaya/ridge/_sklearn_api.py,RidgeCV,ClassDef,211,337
/hpc/home/ns458/miniconda3/envs/ieeg/lib/python3.1/site-packages/himalaya/ridge/_sklearn_api.py,GroupRidgeCV,ClassDef,346,655
/hpc/home/ns458/miniconda3/envs/ieeg/lib/python3.1/site-packages/himalaya/ridge/_sklearn_api.py,ALL_SOLVERS,FunctionDef,26,27
/hpc/home/ns458/miniconda3/envs/ieeg/lib/python3.1/site-packages/himalaya/ridge/_sklearn_api.py,_call_solver,FunctionDef,29,45
/hpc/home/ns458/miniconda3/envs/ieeg/lib/python3.1/site-packages/himalaya/ridge/_sklearn_api.py,_more_tags,FunctionDef,47,48
/hpc/home/ns458/miniconda3/envs/ieeg/lib/python3.1/site-packages/himalaya/ridge/_sklearn_api.py,__sklearn_tags__,FunctionDef,50,53
/hpc/home/ns458/miniconda3/envs/ieeg/lib/python3.1/site-packages/himalaya/ridge/_sklearn_api.py,__init__,FunctionDef,111,117
/hpc/home/ns458/miniconda3/envs/ieeg/lib/python3.1/site-packages/himalaya/ridge/_sklearn_api.py,fit,FunctionDef,120,160
/hpc/home/ns458/miniconda3/envs/ieeg/lib/python3.1/site-packages/himalaya/ridge/_sklearn_api.py,predict,FunctionDef,163,183
/hpc/home/ns458/miniconda3/envs/ieeg/lib/python3.1/site-packages/himalaya/ridge/_sklearn_api.py,score,FunctionDef,186,208
/hpc/home/ns458/miniconda3/envs/ieeg/lib/python3.1/site-packages/himalaya/ridge/_sklearn_api.py,__init__,FunctionDef,277,285
/hpc/home/ns458/miniconda3/envs/ieeg/lib/python3.1/site-packages/himalaya/ridge/_sklearn_api.py,fit,FunctionDef,288,337
/hpc/home/ns458/miniconda3/envs/ieeg/lib/python3.1/site-packages/himalaya/ridge/_sklearn_api.py,__init__,FunctionDef,447,458
/hpc/home/ns458/miniconda3/envs/ieeg/lib/python3.1/site-packages/himalaya/ridge/_sklearn_api.py,fit,FunctionDef,461,528
/hpc/home/ns458/miniconda3/envs/ieeg/lib/python3.1/site-packages/himalaya/ridge/_sklearn_api.py,predict,FunctionDef,531,597
/hpc/home/ns458/miniconda3/envs/ieeg/lib/python3.1/site-packages/himalaya/ridge/_sklearn_api.py,score,FunctionDef,600,635
/hpc/home/ns458/miniconda3/envs/ieeg/lib/python3.1/site-packages/himalaya/ridge/_sklearn_api.py,_split_groups,FunctionDef,637,655
/hpc/home/ns458/miniconda3/envs/ieeg/lib/python3.1/site-packages/himalaya/ridge/_solvers.py,solve_ridge_svd,FunctionDef,8,129
/hpc/home/ns458/miniconda3/envs/ieeg/lib/python3.11/site-packages/himalaya/ridge/_random_search.py,solve_group_ridge_random_search,FunctionDef,16,337
/hpc/home/ns458/miniconda3/envs/ieeg/lib/python3.11/site-packages/himalaya/ridge/_random_search.py,_decompose_ridge,FunctionDef,340,423
/hpc/home/ns458/miniconda3/envs/ieeg/lib/python3.11/site-packages/himalaya/ridge/_random_search.py,solve_ridge_cv_svd,FunctionDef,432,520
/hpc/home/ns458/miniconda3/envs/ieeg/lib/python3.11/site-packages/himalaya/ridge/_sklearn_api.py,_BaseRidge,ClassDef,20,53
/hpc/home/ns458/miniconda3/envs/ieeg/lib/python3.11/site-packages/himalaya/ridge/_sklearn_api.py,Ridge,ClassDef,56,208
/hpc/home/ns458/miniconda3/envs/ieeg/lib/python3.11/site-packages/himalaya/ridge/_sklearn_api.py,RidgeCV,ClassDef,211,337
/hpc/home/ns458/miniconda3/envs/ieeg/lib/python3.11/site-packages/himalaya/ridge/_sklearn_api.py,GroupRidgeCV,ClassDef,346,655
/hpc/home/ns458/miniconda3/envs/ieeg/lib/python3.11/site-packages/himalaya/ridge/_sklearn_api.py,ALL_SOLVERS,FunctionDef,26,27
/hpc/home/ns458/miniconda3/envs/ieeg/lib/python3.11/site-packages/himalaya/ridge/_sklearn_api.py,_call_solver,FunctionDef,29,45
/hpc/home/ns458/miniconda3/envs/ieeg/lib/python3.11/site-packages/himalaya/ridge/_sklearn_api.py,_more_tags,FunctionDef,47,48
/hpc/home/ns458/miniconda3/envs/ieeg/lib/python3.11/site-packages/himalaya/ridge/_sklearn_api.py,__sklearn_tags__,FunctionDef,50,53
/hpc/home/ns458/miniconda3/envs/ieeg/lib/python3.11/site-packages/himalaya/ridge/_sklearn_api.py,__init__,FunctionDef,111,117
/hpc/home/ns458/miniconda3/envs/ieeg/lib/python3.11/site-packages/himalaya/ridge/_sklearn_api.py,fit,FunctionDef,120,160
/hpc/home/ns458/miniconda3/envs/ieeg/lib/python3.11/site-packages/himalaya/ridge/_sklearn_api.py,predict,FunctionDef,163,183
/hpc/home/ns458/miniconda3/envs/ieeg/lib/python3.11/site-packages/himalaya/ridge/_sklearn_api.py,score,FunctionDef,186,208
/hpc/home/ns458/miniconda3/envs/ieeg/lib/python3.11/site-packages/himalaya/ridge/_sklearn_api.py,__init__,FunctionDef,277,285
/hpc/home/ns458/miniconda3/envs/ieeg/lib/python3.11/site-packages/himalaya/ridge/_sklearn_api.py,fit,FunctionDef,288,337
/hpc/home/ns458/miniconda3/envs/ieeg/lib/python3.11/site-packages/himalaya/ridge/_sklearn_api.py,__init__,FunctionDef,447,458
/hpc/home/ns458/miniconda3/envs/ieeg/lib/python3.11/site-packages/himalaya/ridge/_sklearn_api.py,fit,FunctionDef,461,528
/hpc/home/ns458/miniconda3/envs/ieeg/lib/python3.11/site-packages/himalaya/ridge/_sklearn_api.py,predict,FunctionDef,531,597
/hpc/home/ns458/miniconda3/envs/ieeg/lib/python3.11/site-packages/himalaya/ridge/_sklearn_api.py,score,FunctionDef,600,635
/hpc/home/ns458/miniconda3/envs/ieeg/lib/python3.11/site-packages/himalaya/ridge/_sklearn_api.py,_split_groups,FunctionDef,637,655
/hpc/home/ns458/miniconda3/envs/ieeg/lib/python3.11/site-packages/himalaya/ridge/_solvers.py,solve_ridge_svd,FunctionDef,8,129
